function_id,UI_function,canonical_operations,access,dashboard_target,dashboard_observed,object_panel,chat_target,validation_contract,audit_event,source_ref
ui.login.submit,Prihlasit se,owner.auth.login,AUTHENTICATION_FLOW,auth.login,NOT_IN_DASHBOARD_REFERENCE,Login boundary,AUTHENTICATION_UI,"[{""catalog"": ""contracts/payload-contracts.json"", ""routeIds"": [""route.0008""]}]","{""owner.auth.login"": [""OPERATION_ADMITTED"", ""OPERATION_STATE_CHANGED"", ""OPERATION_TERMINAL""]}",ui/contracts/ui-control-registry.json#/pages/0/actions/0
ui.mfa.verify,Ověřit,owner.auth.loginMfa,AUTHENTICATION_FLOW,auth.mfa,NOT_IN_DASHBOARD_REFERENCE,Login boundary,AUTHENTICATION_UI,"[{""catalog"": ""contracts/payload-contracts.json"", ""routeIds"": [""route.0009""]}]","{""owner.auth.loginMfa"": [""OPERATION_ADMITTED"", ""OPERATION_STATE_CHANGED"", ""OPERATION_TERMINAL""]}",ui/contracts/ui-control-registry.json#/pages/1/actions/0
ui.mfa.showSeed,Zobrazit ruční seed,owner.mfa.enroll,AUTHENTICATION_FLOW,auth.mfa,NOT_IN_DASHBOARD_REFERENCE,Login boundary,AUTHENTICATION_UI,"[{""catalog"": ""contracts/payload-contracts.json"", ""routeIds"": [""route.0015""]}]","{""owner.mfa.enroll"": [""OPERATION_ADMITTED"", ""OPERATION_STATE_CHANGED"", ""OPERATION_TERMINAL""]}",ui/contracts/ui-control-registry.json#/pages/1/actions/1
ui.mfa.copyRecovery,Kopírovat recovery kódy,,AUTHENTICATION_FLOW,auth.mfa,NOT_IN_DASHBOARD_REFERENCE,Login boundary,AUTHENTICATION_UI,[],{},ui/contracts/ui-control-registry.json#/pages/1/actions/2
ui.chat.new,Nová konverzace,chat.conversation.create,OWNER_FULL,dashboard.drawer.central.chat,NOT_IN_DASHBOARD_REFERENCE,Dashboard > Actions > central.chat > chat.new,CANONICAL_COMMAND,"[{""catalog"": ""contracts/payload-contracts.json"", ""routeIds"": [""route.0190""]}]","{""chat.conversation.create"": [""OPERATION_ADMITTED"", ""OPERATION_STATE_CHANGED"", ""OPERATION_TERMINAL""]}",ui/contracts/ui-control-registry.json#/pages/2/actions/0
ui.chat.send,Odeslat,chat.ask,OWNER_FULL,dashboard.drawer.central.chat,NOT_IN_DASHBOARD_REFERENCE,Dashboard > Actions > central.chat > chat.send,CANONICAL_COMMAND,"[{""catalog"": ""contracts/payload-contracts.json"", ""routeIds"": [""route.0199""]}]","{""chat.ask"": [""OPERATION_ADMITTED"", ""OPERATION_STATE_CHANGED"", ""OPERATION_TERMINAL""]}",ui/contracts/ui-control-registry.json#/pages/2/actions/1
ui.chat.steer,Upravit směr,chat.turn.steer,OWNER_FULL,dashboard.drawer.central.chat,NOT_IN_DASHBOARD_REFERENCE,Dashboard > Actions > central.chat > chat.steer,CANONICAL_COMMAND,"[""closure/contracts/operation-payloads.json#/records/1/requestSchema""]","{""chat.turn.steer"": ""Every admission, transition, child reservation, outcome and manual-review decision records logicalOperationId, correlationId, actor/channel and before/after digests.""}",ui/contracts/ui-control-registry.json#/pages/2/actions/2
ui.chat.cancel,Zrušit běh,chat.conversation.cancel,OWNER_FULL,dashboard.drawer.central.chat,NOT_IN_DASHBOARD_REFERENCE,Dashboard > Actions > central.chat > chat.cancel,CANONICAL_COMMAND,"[{""catalog"": ""contracts/payload-contracts.json"", ""routeIds"": [""route.0195""]}]","{""chat.conversation.cancel"": [""OPERATION_ADMITTED"", ""OPERATION_STATE_CHANGED"", ""OPERATION_TERMINAL""]}",ui/contracts/ui-control-registry.json#/pages/2/actions/3
ui.chat.openWeb,Otevřít web,chat.browser.session.attach|chat.browser.session.create,OWNER_FULL,dashboard.drawer.central.chat,NOT_IN_DASHBOARD_REFERENCE,Dashboard > Actions > central.chat > chat.openWeb,CANONICAL_COMMAND,"[{""catalog"": ""contracts/payload-contracts.json"", ""routeIds"": [""route.0198""]}, {""catalog"": ""contracts/payload-contracts.json"", ""routeIds"": [""route.0197""]}]","{""chat.browser.session.attach"": [""OPERATION_ADMITTED"", ""OPERATION_STATE_CHANGED"", ""OPERATION_TERMINAL""], ""chat.browser.session.create"": [""OPERATION_ADMITTED"", ""OPERATION_STATE_CHANGED"", ""OPERATION_TERMINAL""]}",ui/contracts/ui-control-registry.json#/pages/2/actions/4
ui.chat.takeover,Převzít ovládání,chat.browser.control.acquire,OWNER_FULL,dashboard.drawer.central.chat,NOT_IN_DASHBOARD_REFERENCE,Dashboard > Actions > central.chat > chat.takeover,CANONICAL_COMMAND,"[{""schemaId"": ""urn:kcml:r9:operation:chat.browser.control.acquire:command""}]","{""chat.browser.control.acquire"": [""OPERATION_ADMITTED"", ""OPERATION_STATE_CHANGED"", ""OPERATION_TERMINAL""]}",ui/contracts/ui-control-registry.json#/pages/2/actions/5
ui.chat.returnAi,Vrátit AI,chat.browser.control.returnToAi,OWNER_FULL,dashboard.drawer.central.chat,NOT_IN_DASHBOARD_REFERENCE,Dashboard > Actions > central.chat > chat.returnAi,CANONICAL_COMMAND,"[{""catalog"": ""contracts/payload-contracts.json"", ""routeIds"": [""route.0277"", ""route.0301""]}]","{""chat.browser.control.returnToAi"": [""OPERATION_ADMITTED"", ""OPERATION_STATE_CHANGED"", ""OPERATION_TERMINAL""]}",ui/contracts/ui-control-registry.json#/pages/2/actions/6
ui.chat.pickTarget,Vybrat prvek,browser.target.pick|chat.browser.target.attach,OWNER_FULL,dashboard.drawer.central.chat,NOT_IN_DASHBOARD_REFERENCE,Dashboard > Actions > central.chat > chat.pickTarget,CLIENT_INTERACTION,"[{""catalog"": ""contracts/payload-contracts.json"", ""routeIds"": [""route.0305""]}, {""schemaId"": ""urn:kcml:r9:operation:chat.browser.target.attach:command""}]","{""browser.target.pick"": [""OPERATION_ADMITTED"", ""OPERATION_STATE_CHANGED"", ""OPERATION_TERMINAL""], ""chat.browser.target.attach"": [""OPERATION_ADMITTED"", ""OPERATION_STATE_CHANGED"", ""OPERATION_TERMINAL""]}",ui/contracts/ui-control-registry.json#/pages/2/actions/7
ui.chat.loginHuman,Přihlásit se,chat.browser.control.acquire,OWNER_FULL,dashboard.drawer.central.chat,NOT_IN_DASHBOARD_REFERENCE,Dashboard > Actions > central.chat > chat.loginHuman,CANONICAL_COMMAND,"[{""schemaId"": ""urn:kcml:r9:operation:chat.browser.control.acquire:command""}]","{""chat.browser.control.acquire"": [""OPERATION_ADMITTED"", ""OPERATION_STATE_CHANGED"", ""OPERATION_TERMINAL""]}",ui/contracts/ui-control-registry.json#/pages/2/actions/8
ui.chat.saveAccount,Uložit účet,browser.account.save,OWNER_FULL,dashboard.drawer.central.chat,NOT_IN_DASHBOARD_REFERENCE,Dashboard > Actions > central.chat > chat.saveAccount,CANONICAL_COMMAND,"[{""catalog"": ""contracts/payload-contracts.json"", ""routeIds"": [""route.0269"", ""route.0310"", ""route.0326""]}]","{""browser.account.save"": [""OPERATION_ADMITTED"", ""OPERATION_STATE_CHANGED"", ""OPERATION_TERMINAL""]}",ui/contracts/ui-control-registry.json#/pages/2/actions/9
ui.chat.closeBrowser,Zavřít relaci,browser.session.close,OWNER_FULL,dashboard.drawer.central.chat,NOT_IN_DASHBOARD_REFERENCE,Dashboard > Actions > central.chat > chat.closeBrowser,CANONICAL_COMMAND,"[{""catalog"": ""contracts/payload-contracts.json"", ""routeIds"": [""route.0318""]}]","{""browser.session.close"": [""OPERATION_ADMITTED"", ""OPERATION_STATE_CHANGED"", ""OPERATION_TERMINAL""]}",ui/contracts/ui-control-registry.json#/pages/2/actions/10
ui.dashboard.fit,Přizpůsobit,,OWNER_FULL,dashboard.drawer.dashboard,EXPLICIT_PAGE_ACTION,Dashboard > Actions > dashboard > dashboard.fit,CLIENT_INTERACTION,[],{},ui/contracts/ui-control-registry.json#/pages/3/actions/0
ui.dashboard.connect,Propojit,binding.create,OWNER_FULL,dashboard.drawer.dashboard,EXPLICIT_PAGE_ACTION,Dashboard > Actions > dashboard > dashboard.connect,CANONICAL_COMMAND,"[{""catalog"": ""contracts/payload-contracts.json"", ""routeIds"": [""route.0031""]}]","{""binding.create"": [""OPERATION_ADMITTED"", ""OPERATION_STATE_CHANGED"", ""OPERATION_TERMINAL""]}",ui/contracts/ui-control-registry.json#/pages/3/actions/1
ui.dashboard.disconnect,Odpojit,binding.remove,OWNER_FULL,dashboard.drawer.dashboard,EXPLICIT_PAGE_ACTION,Dashboard > Actions > dashboard > dashboard.disconnect,CANONICAL_COMMAND,"[{""catalog"": ""contracts/payload-contracts.json"", ""routeIds"": [""route.0033""]}]","{""binding.remove"": [""OPERATION_ADMITTED"", ""OPERATION_STATE_CHANGED"", ""OPERATION_TERMINAL""]}",ui/contracts/ui-control-registry.json#/pages/3/actions/2
ui.dashboard.bindSecret,Připojit secret,secret.bind,OWNER_FULL,dashboard.drawer.dashboard,EXPLICIT_PAGE_ACTION,Dashboard > Actions > dashboard > dashboard.bindSecret,CANONICAL_COMMAND,"[{""catalog"": ""contracts/payload-contracts.json"", ""routeIds"": [""route.0037"", ""route.0396""]}]","{""secret.bind"": [""OPERATION_ADMITTED"", ""OPERATION_STATE_CHANGED"", ""OPERATION_TERMINAL""]}",ui/contracts/ui-control-registry.json#/pages/3/actions/3
ui.dashboard.activate,Aktivovat,component.activate,OWNER_FULL,dashboard.drawer.dashboard,EXPLICIT_PAGE_ACTION,Dashboard > Actions > dashboard > dashboard.activate,CANONICAL_COMMAND,"[{""catalog"": ""contracts/payload-contracts.json"", ""routeIds"": [""route.0050"", ""route.0076""]}]","{""component.activate"": [""OPERATION_ADMITTED"", ""OPERATION_STATE_CHANGED"", ""OPERATION_TERMINAL""]}",ui/contracts/ui-control-registry.json#/pages/3/actions/4
ui.dashboard.enable,Zapnout,component.enable,OWNER_FULL,dashboard.drawer.dashboard,EXPLICIT_PAGE_ACTION,Dashboard > Actions > dashboard > dashboard.enable,CANONICAL_COMMAND,"[{""catalog"": ""contracts/payload-contracts.json"", ""routeIds"": [""route.0051"", ""route.0153""]}]","{""component.enable"": [""OPERATION_ADMITTED"", ""OPERATION_STATE_CHANGED"", ""OPERATION_TERMINAL""]}",ui/contracts/ui-control-registry.json#/pages/3/actions/5
ui.dashboard.disable,Vypnout,component.disable,OWNER_FULL,dashboard.drawer.dashboard,EXPLICIT_PAGE_ACTION,Dashboard > Actions > dashboard > dashboard.disable,CANONICAL_COMMAND,"[{""catalog"": ""contracts/payload-contracts.json"", ""routeIds"": [""route.0052"", ""route.0154""]}]","{""component.disable"": [""OPERATION_ADMITTED"", ""OPERATION_STATE_CHANGED"", ""OPERATION_TERMINAL""]}",ui/contracts/ui-control-registry.json#/pages/3/actions/6
ui.dashboard.repair,Opravit,component.repair.request,OWNER_FULL,dashboard.drawer.dashboard,EXPLICIT_PAGE_ACTION,Dashboard > Actions > dashboard > dashboard.repair,CANONICAL_COMMAND,"[{""catalog"": ""contracts/payload-contracts.json"", ""routeIds"": [""route.0057""]}]","{""component.repair.request"": [""OPERATION_ADMITTED"", ""OPERATION_STATE_CHANGED"", ""OPERATION_TERMINAL""]}",ui/contracts/ui-control-registry.json#/pages/3/actions/7
ui.dashboard.recertify,Recertifikovat,component.recertify,OWNER_FULL,dashboard.drawer.dashboard,EXPLICIT_PAGE_ACTION,Dashboard > Actions > dashboard > dashboard.recertify,CANONICAL_COMMAND,"[{""catalog"": ""contracts/payload-contracts.json"", ""routeIds"": [""route.0058""]}]","{""component.recertify"": [""OPERATION_ADMITTED"", ""OPERATION_STATE_CHANGED"", ""OPERATION_TERMINAL""]}",ui/contracts/ui-control-registry.json#/pages/3/actions/8
ui.dashboard.e2e,Spustit E2E,component.e2e.start,OWNER_FULL,dashboard.drawer.dashboard,EXPLICIT_PAGE_ACTION,Dashboard > Actions > dashboard > dashboard.e2e,CANONICAL_COMMAND,"[{""catalog"": ""contracts/payload-contracts.json"", ""routeIds"": [""route.0059""]}]","{""component.e2e.start"": [""OPERATION_ADMITTED"", ""OPERATION_STATE_CHANGED"", ""OPERATION_TERMINAL""]}",ui/contracts/ui-control-registry.json#/pages/3/actions/9
ui.gen.create,Nové zadání,generation.job.create,OWNER_FULL,dashboard.drawer.generation,NOT_IN_DASHBOARD_REFERENCE,Dashboard > Actions > generation > gen.create,CANONICAL_COMMAND,"[{""catalog"": ""contracts/payload-contracts.json"", ""routeIds"": [""route.0215""]}]","{""generation.job.create"": [""OPERATION_ADMITTED"", ""OPERATION_STATE_CHANGED"", ""OPERATION_TERMINAL""]}",ui/contracts/ui-control-registry.json#/pages/4/actions/0
ui.gen.send,Odeslat,generation.message.append,OWNER_FULL,dashboard.drawer.generation,NOT_IN_DASHBOARD_REFERENCE,Dashboard > Actions > generation > gen.send,CANONICAL_COMMAND,"[{""catalog"": ""contracts/payload-contracts.json"", ""routeIds"": [""route.0220""]}]","{""generation.message.append"": [""OPERATION_ADMITTED"", ""OPERATION_STATE_CHANGED"", ""OPERATION_TERMINAL""]}",ui/contracts/ui-control-registry.json#/pages/4/actions/1
ui.gen.steer,Upravit směr,generation.turn.interrupt,OWNER_FULL,dashboard.drawer.generation,NOT_IN_DASHBOARD_REFERENCE,Dashboard > Actions > generation > gen.steer,CANONICAL_COMMAND,"[{""schemaId"": ""urn:kcml:r9:operation:generation.turn.interrupt:command""}]","{""generation.turn.interrupt"": [""OPERATION_ADMITTED"", ""OPERATION_STATE_CHANGED"", ""OPERATION_TERMINAL""]}",ui/contracts/ui-control-registry.json#/pages/4/actions/2
ui.gen.approveSpec,Schválit specifikaci,generation.spec.approve,OWNER_FULL,dashboard.drawer.generation,NOT_IN_DASHBOARD_REFERENCE,Dashboard > Actions > generation > gen.approveSpec,CANONICAL_COMMAND,"[{""catalog"": ""contracts/payload-contracts.json"", ""routeIds"": [""route.0234""]}]","{""generation.spec.approve"": [""OPERATION_ADMITTED"", ""OPERATION_STATE_CHANGED"", ""OPERATION_TERMINAL""]}",ui/contracts/ui-control-registry.json#/pages/4/actions/3
ui.gen.resolveBlocker,Vyřešit blocker,generation.blocker.resolve,OWNER_FULL,dashboard.drawer.generation,NOT_IN_DASHBOARD_REFERENCE,Dashboard > Actions > generation > gen.resolveBlocker,CANONICAL_COMMAND,"[{""catalog"": ""contracts/payload-contracts.json"", ""routeIds"": [""route.0255""]}]","{""generation.blocker.resolve"": [""OPERATION_ADMITTED"", ""OPERATION_STATE_CHANGED"", ""OPERATION_TERMINAL""]}",ui/contracts/ui-control-registry.json#/pages/4/actions/4
ui.gen.retry,Opakovat,generation.job.retry,OWNER_FULL,dashboard.drawer.generation,NOT_IN_DASHBOARD_REFERENCE,Dashboard > Actions > generation > gen.retry,CANONICAL_COMMAND,"[{""catalog"": ""contracts/payload-contracts.json"", ""routeIds"": [""route.0258""]}]","{""generation.job.retry"": [""OPERATION_ADMITTED"", ""OPERATION_STATE_CHANGED"", ""OPERATION_TERMINAL""]}",ui/contracts/ui-control-registry.json#/pages/4/actions/5
ui.gen.cancel,Zrušit,generation.job.cancel,OWNER_FULL,dashboard.drawer.generation,NOT_IN_DASHBOARD_REFERENCE,Dashboard > Actions > generation > gen.cancel,CANONICAL_COMMAND,"[{""catalog"": ""contracts/payload-contracts.json"", ""routeIds"": [""route.0257""]}]","{""generation.job.cancel"": [""OPERATION_ADMITTED"", ""OPERATION_STATE_CHANGED"", ""OPERATION_TERMINAL""]}",ui/contracts/ui-control-registry.json#/pages/4/actions/6
ui.gen.selftest,Spustit self-test,selfTest.run.start,OWNER_FULL,dashboard.drawer.generation,NOT_IN_DASHBOARD_REFERENCE,Dashboard > Actions > generation > gen.selftest,CANONICAL_COMMAND,"[{""catalog"": ""contracts/payload-contracts.json"", ""routeIds"": [""route.0483"", ""route.0507""]}]","{""selfTest.run.start"": [""OPERATION_ADMITTED"", ""OPERATION_STATE_CHANGED"", ""OPERATION_TERMINAL""]}",ui/contracts/ui-control-registry.json#/pages/4/actions/7
ui.gen.bypass,Obejít blokaci,,OWNER_FULL,dashboard.drawer.generation,NOT_IN_DASHBOARD_REFERENCE,Dashboard > Actions > generation > gen.bypass,UNAVAILABLE,[],{},ui/contracts/ui-control-registry.json#/pages/4/actions/8
ui.agent.newRevision,Nová revize,,OWNER_FULL,dashboard.drawer.agents,NOT_IN_DASHBOARD_REFERENCE,Dashboard > Actions > agents > agent.newRevision,CLIENT_INTERACTION,[],{},ui/contracts/ui-control-registry.json#/pages/5/actions/0
ui.agent.saveRevision,Uložit revizi,agent.revision.publish,OWNER_FULL,dashboard.drawer.agents,NOT_IN_DASHBOARD_REFERENCE,Dashboard > Actions > agents > agent.saveRevision,CANONICAL_COMMAND,"[{""catalog"": ""contracts/payload-contracts.json"", ""routeIds"": [""route.0142""]}]","{""agent.revision.publish"": [""OPERATION_ADMITTED"", ""OPERATION_STATE_CHANGED"", ""OPERATION_TERMINAL""]}",ui/contracts/ui-control-registry.json#/pages/5/actions/1
ui.agent.validate,Validovat,agent.revision.validate,OWNER_FULL,dashboard.drawer.agents,NOT_IN_DASHBOARD_REFERENCE,Dashboard > Actions > agents > agent.validate,CANONICAL_COMMAND,"[{""catalog"": ""contracts/payload-contracts.json"", ""routeIds"": [""route.0144""]}]","{""agent.revision.validate"": [""OPERATION_ADMITTED"", ""OPERATION_STATE_CHANGED"", ""OPERATION_TERMINAL""]}",ui/contracts/ui-control-registry.json#/pages/5/actions/2
ui.agent.run,Spustit,agent.run.start,OWNER_FULL,dashboard.drawer.agents,NOT_IN_DASHBOARD_REFERENCE,Dashboard > Actions > agents > agent.run,CANONICAL_COMMAND,"[{""catalog"": ""contracts/payload-contracts.json"", ""routeIds"": [""route.0156""]}]","{""agent.run.start"": [""OPERATION_ADMITTED"", ""OPERATION_STATE_CHANGED"", ""OPERATION_TERMINAL""]}",ui/contracts/ui-control-registry.json#/pages/5/actions/3
ui.agent.pause,Pozastavit,agent.run.pause,OWNER_FULL,dashboard.drawer.agents,NOT_IN_DASHBOARD_REFERENCE,Dashboard > Actions > agents > agent.pause,CANONICAL_COMMAND,"[{""catalog"": ""contracts/payload-contracts.json"", ""routeIds"": [""route.0162""]}]","{""agent.run.pause"": [""OPERATION_ADMITTED"", ""OPERATION_STATE_CHANGED"", ""OPERATION_TERMINAL""]}",ui/contracts/ui-control-registry.json#/pages/5/actions/4
ui.agent.resume,Pokračovat,agent.run.resume,OWNER_FULL,dashboard.drawer.agents,NOT_IN_DASHBOARD_REFERENCE,Dashboard > Actions > agents > agent.resume,CANONICAL_COMMAND,"[{""catalog"": ""contracts/payload-contracts.json"", ""routeIds"": [""route.0163""]}]","{""agent.run.resume"": [""OPERATION_ADMITTED"", ""OPERATION_STATE_CHANGED"", ""OPERATION_TERMINAL""]}",ui/contracts/ui-control-registry.json#/pages/5/actions/5
ui.agent.cancel,Zrušit,agent.run.cancel,OWNER_FULL,dashboard.drawer.agents,NOT_IN_DASHBOARD_REFERENCE,Dashboard > Actions > agents > agent.cancel,CANONICAL_COMMAND,"[{""catalog"": ""contracts/payload-contracts.json"", ""routeIds"": [""route.0164""]}]","{""agent.run.cancel"": [""OPERATION_ADMITTED"", ""OPERATION_STATE_CHANGED"", ""OPERATION_TERMINAL""]}",ui/contracts/ui-control-registry.json#/pages/5/actions/6
ui.agent.activate,Aktivovat,agent.revision.activate,OWNER_FULL,dashboard.drawer.agents,NOT_IN_DASHBOARD_REFERENCE,Dashboard > Actions > agents > agent.activate,CANONICAL_COMMAND,"[{""catalog"": ""contracts/payload-contracts.json"", ""routeIds"": [""route.0146""]}]","{""agent.revision.activate"": [""OPERATION_ADMITTED"", ""OPERATION_STATE_CHANGED"", ""OPERATION_TERMINAL""]}",ui/contracts/ui-control-registry.json#/pages/5/actions/7
ui.agent.rollback,Rollback,agent.revision.activate,OWNER_FULL,dashboard.drawer.agents,NOT_IN_DASHBOARD_REFERENCE,Dashboard > Actions > agents > agent.rollback,CANONICAL_COMMAND,"[{""catalog"": ""contracts/payload-contracts.json"", ""routeIds"": [""route.0146""]}]","{""agent.revision.activate"": [""OPERATION_ADMITTED"", ""OPERATION_STATE_CHANGED"", ""OPERATION_TERMINAL""]}",ui/contracts/ui-control-registry.json#/pages/5/actions/8
ui.mcp.discover,server/discover,mcp.server.discover,OWNER_FULL,dashboard.drawer.mcp,NOT_IN_DASHBOARD_REFERENCE,Dashboard > Actions > mcp > mcp.discover,CANONICAL_COMMAND,"[{""catalog"": ""contracts/payload-contracts.json"", ""routeIds"": [""route.0084""]}]","{""mcp.server.discover"": [""OPERATION_ADMITTED"", ""OPERATION_STATE_CHANGED"", ""OPERATION_TERMINAL""]}",ui/contracts/ui-control-registry.json#/pages/6/actions/0
ui.mcp.send,Odeslat request,mcp.prompts.get|mcp.prompts.list|mcp.resources.list|mcp.resources.read|mcp.resources.templates.list|mcp.server.discover|mcp.subscription.listen|mcp.task.cancel|mcp.task.get|mcp.task.update|mcp.tools.call|mcp.tools.list,OWNER_FULL,dashboard.drawer.mcp,NOT_IN_DASHBOARD_REFERENCE,Dashboard > Actions > mcp > mcp.send,CANONICAL_COMMAND,"[{""schemaId"": ""urn:kcml:r9:operation:mcp.prompts.get:command""}, {""schemaId"": ""urn:kcml:r9:operation:mcp.prompts.list:command""}, {""schemaId"": ""urn:kcml:r9:operation:mcp.resources.list:command""}, {""schemaId"": ""urn:kcml:r9:operation:mcp.resources.read:command""}, {""schemaId"": ""urn:kcml:r9:operation:mcp.resources.templates.list:command""}, {""catalog"": ""contracts/payload-contracts.json"", ""routeIds"": [""route.0084""]}, {""schemaId"": ""urn:kcml:r9:operation:mcp.subscription.listen:command""}, {""catalog"": ""contracts/payload-contracts.json"", ""routeIds"": [""route.0119""]}, {""catalog"": ""contracts/payload-contracts.json"", ""routeIds"": [""route.0117""]}, {""catalog"": ""contracts/payload-contracts.json"", ""routeIds"": [""route.0118""]}, {""schemaId"": ""urn:kcml:r9:operation:mcp.tools.call:command""}, {""schemaId"": ""urn:kcml:r9:operation:mcp.tools.list:command""}]","{""mcp.prompts.get"": [""OPERATION_ADMITTED"", ""OPERATION_STATE_CHANGED"", ""OPERATION_TERMINAL""], ""mcp.prompts.list"": [""OPERATION_ADMITTED"", ""OPERATION_STATE_CHANGED"", ""OPERATION_TERMINAL""], ""mcp.resources.list"": [""OPERATION_ADMITTED"", ""OPERATION_STATE_CHANGED"", ""OPERATION_TERMINAL""], ""mcp.resources.read"": [""OPERATION_ADMITTED"", ""OPERATION_STATE_CHANGED"", ""OPERATION_TERMINAL""], ""mcp.resources.templates.list"": [""OPERATION_ADMITTED"", ""OPERATION_STATE_CHANGED"", ""OPERATION_TERMINAL""], ""mcp.server.discover"": [""OPERATION_ADMITTED"", ""OPERATION_STATE_CHANGED"", ""OPERATION_TERMINAL""], ""mcp.subscription.listen"": [""OPERATION_ADMITTED"", ""OPERATION_STATE_CHANGED"", ""OPERATION_TERMINAL""], ""mcp.task.cancel"": [""OPERATION_ADMITTED"", ""OPERATION_STATE_CHANGED"", ""OPERATION_TERMINAL""], ""mcp.task.get"": [""OPERATION_ADMITTED"", ""OPERATION_STATE_CHANGED"", ""OPERATION_TERMINAL""], ""mcp.task.update"": [""OPERATION_ADMITTED"", ""OPERATION_STATE_CHANGED"", ""OPERATION_TERMINAL""], ""mcp.tools.call"": [""OPERATION_ADMITTED"", ""OPERATION_STATE_CHANGED"", ""OPERATION_TERMINAL""], ""mcp.tools.list"": [""OPERATION_ADMITTED"", ""OPERATION_STATE_CHANGED"", ""OPERATION_TERMINAL""]}",ui/contracts/ui-control-registry.json#/pages/6/actions/1
ui.mcp.cancel,Zrušit,mcp.subscription.cancel|mcp.task.cancel|mcp.tools.cancel,OWNER_FULL,dashboard.drawer.mcp,NOT_IN_DASHBOARD_REFERENCE,Dashboard > Actions > mcp > mcp.cancel,CANONICAL_COMMAND,"[{""catalog"": ""contracts/payload-contracts.json"", ""routeIds"": [""route.0111""]}, {""catalog"": ""contracts/payload-contracts.json"", ""routeIds"": [""route.0119""]}, {""catalog"": ""contracts/payload-contracts.json"", ""routeIds"": [""route.0104""]}]","{""mcp.subscription.cancel"": [""OPERATION_ADMITTED"", ""OPERATION_STATE_CHANGED"", ""OPERATION_TERMINAL""], ""mcp.task.cancel"": [""OPERATION_ADMITTED"", ""OPERATION_STATE_CHANGED"", ""OPERATION_TERMINAL""], ""mcp.tools.cancel"": [""OPERATION_ADMITTED"", ""OPERATION_STATE_CHANGED"", ""OPERATION_TERMINAL""]}",ui/contracts/ui-control-registry.json#/pages/6/actions/2
ui.mcp.verify,Ověřit,mcp.wire.verify,OWNER_FULL,dashboard.drawer.mcp,NOT_IN_DASHBOARD_REFERENCE,Dashboard > Actions > mcp > mcp.verify,CANONICAL_COMMAND,"[{""catalog"": ""contracts/payload-contracts.json"", ""routeIds"": [""route.0085"", ""route.0086"", ""route.0087"", ""route.0088"", ""route.0089"", ""route.0090"", ""route.0091"", ""route.0092"", ""route.0093"", ""route.0094"", ""route.0095"", ""route.0096""]}]","{""mcp.wire.verify"": [""OPERATION_ADMITTED"", ""OPERATION_STATE_CHANGED"", ""OPERATION_TERMINAL""]}",ui/contracts/ui-control-registry.json#/pages/6/actions/3
ui.mcp.activate,Aktivovat,component.activate,OWNER_FULL,dashboard.drawer.mcp,NOT_IN_DASHBOARD_REFERENCE,Dashboard > Actions > mcp > mcp.activate,CANONICAL_COMMAND,"[{""catalog"": ""contracts/payload-contracts.json"", ""routeIds"": [""route.0050"", ""route.0076""]}]","{""component.activate"": [""OPERATION_ADMITTED"", ""OPERATION_STATE_CHANGED"", ""OPERATION_TERMINAL""]}",ui/contracts/ui-control-registry.json#/pages/6/actions/4
ui.mcp.repair,Opravit,component.repair.request,OWNER_FULL,dashboard.drawer.mcp,NOT_IN_DASHBOARD_REFERENCE,Dashboard > Actions > mcp > mcp.repair,CANONICAL_COMMAND,"[{""catalog"": ""contracts/payload-contracts.json"", ""routeIds"": [""route.0057""]}]","{""component.repair.request"": [""OPERATION_ADMITTED"", ""OPERATION_STATE_CHANGED"", ""OPERATION_TERMINAL""]}",ui/contracts/ui-control-registry.json#/pages/6/actions/5
ui.browser.new,Nová relace,browser.session.create,OWNER_FULL,dashboard.drawer.browser,NOT_IN_DASHBOARD_REFERENCE,Dashboard > Actions > browser > browser.new,CANONICAL_COMMAND,"[{""catalog"": ""contracts/payload-contracts.json"", ""routeIds"": [""route.0265"", ""route.0279""]}]","{""browser.session.create"": [""OPERATION_ADMITTED"", ""OPERATION_STATE_CHANGED"", ""OPERATION_TERMINAL""]}",ui/contracts/ui-control-registry.json#/pages/7/actions/0
ui.browser.navigate,Otevřít URL,browser.action.start,OWNER_FULL,dashboard.drawer.browser,NOT_IN_DASHBOARD_REFERENCE,Dashboard > Actions > browser > browser.navigate,CANONICAL_COMMAND,"[{""catalog"": ""contracts/payload-contracts.json"", ""routeIds"": [""route.0292""]}]","{""browser.action.start"": [""OPERATION_ADMITTED"", ""OPERATION_STATE_CHANGED"", ""OPERATION_TERMINAL""]}",ui/contracts/ui-control-registry.json#/pages/7/actions/1
ui.browser.takeover,Převzít ovládání,browser.control.acquire,OWNER_FULL,dashboard.drawer.browser,NOT_IN_DASHBOARD_REFERENCE,Dashboard > Actions > browser > browser.takeover,CANONICAL_COMMAND,"[{""catalog"": ""contracts/payload-contracts.json"", ""routeIds"": [""route.0276"", ""route.0299"", ""route.0372""]}]","{""browser.control.acquire"": [""OPERATION_ADMITTED"", ""OPERATION_STATE_CHANGED"", ""OPERATION_TERMINAL""]}",ui/contracts/ui-control-registry.json#/pages/7/actions/2
ui.browser.returnAi,Vrátit AI,browser.control.transfer,OWNER_FULL,dashboard.drawer.browser,NOT_IN_DASHBOARD_REFERENCE,Dashboard > Actions > browser > browser.returnAi,CANONICAL_COMMAND,"[{""catalog"": ""contracts/payload-contracts.json"", ""routeIds"": [""route.0374""]}]","{""browser.control.transfer"": [""OPERATION_ADMITTED"", ""OPERATION_STATE_CHANGED"", ""OPERATION_TERMINAL""]}",ui/contracts/ui-control-registry.json#/pages/7/actions/3
ui.browser.modeBrowse,Procházet,,OWNER_FULL,dashboard.drawer.browser,NOT_IN_DASHBOARD_REFERENCE,Dashboard > Actions > browser > browser.modeBrowse,CLIENT_INTERACTION,[],{},ui/contracts/ui-control-registry.json#/pages/7/actions/4
ui.browser.modeMarkup,Označit,,OWNER_FULL,dashboard.drawer.browser,NOT_IN_DASHBOARD_REFERENCE,Dashboard > Actions > browser > browser.modeMarkup,CLIENT_INTERACTION,[],{},ui/contracts/ui-control-registry.json#/pages/7/actions/5
ui.browser.modeTarget,Vybrat prvek,browser.target.pick,OWNER_FULL,dashboard.drawer.browser,NOT_IN_DASHBOARD_REFERENCE,Dashboard > Actions > browser > browser.modeTarget,CLIENT_INTERACTION,"[{""catalog"": ""contracts/payload-contracts.json"", ""routeIds"": [""route.0305""]}]","{""browser.target.pick"": [""OPERATION_ADMITTED"", ""OPERATION_STATE_CHANGED"", ""OPERATION_TERMINAL""]}",ui/contracts/ui-control-registry.json#/pages/7/actions/6
ui.browser.modePointer,Ukazatel,,OWNER_FULL,dashboard.drawer.browser,NOT_IN_DASHBOARD_REFERENCE,Dashboard > Actions > browser > browser.modePointer,CLIENT_INTERACTION,[],{},ui/contracts/ui-control-registry.json#/pages/7/actions/7
ui.browser.annotationCommit,Uložit označení,browser.annotation.create,OWNER_FULL,dashboard.drawer.browser,NOT_IN_DASHBOARD_REFERENCE,Dashboard > Actions > browser > browser.annotationCommit,CANONICAL_COMMAND,[null],"{""browser.annotation.create"": null}",ui/contracts/ui-control-registry.json#/pages/7/actions/8
ui.browser.focusAi,Požádat AI: zaměř se sem,browser.focus.request,OWNER_FULL,dashboard.drawer.browser,NOT_IN_DASHBOARD_REFERENCE,Dashboard > Actions > browser > browser.focusAi,CANONICAL_COMMAND,[null],"{""browser.focus.request"": null}",ui/contracts/ui-control-registry.json#/pages/7/actions/9
ui.browser.focusOwner,OWNER: podívej se sem,browser.focus.request,OWNER_FULL,dashboard.drawer.browser,NOT_IN_DASHBOARD_REFERENCE,Dashboard > Actions > browser > browser.focusOwner,CANONICAL_COMMAND,[null],"{""browser.focus.request"": null}",ui/contracts/ui-control-registry.json#/pages/7/actions/10
ui.browser.saveAccount,Uložit účet,browser.account.save,OWNER_FULL,dashboard.drawer.browser,NOT_IN_DASHBOARD_REFERENCE,Dashboard > Actions > browser > browser.saveAccount,CANONICAL_COMMAND,"[{""catalog"": ""contracts/payload-contracts.json"", ""routeIds"": [""route.0269"", ""route.0310"", ""route.0326""]}]","{""browser.account.save"": [""OPERATION_ADMITTED"", ""OPERATION_STATE_CHANGED"", ""OPERATION_TERMINAL""]}",ui/contracts/ui-control-registry.json#/pages/7/actions/11
ui.browser.close,Zavřít relaci,browser.session.close,OWNER_FULL,dashboard.drawer.browser,NOT_IN_DASHBOARD_REFERENCE,Dashboard > Actions > browser > browser.close,CANONICAL_COMMAND,"[{""catalog"": ""contracts/payload-contracts.json"", ""routeIds"": [""route.0318""]}]","{""browser.session.close"": [""OPERATION_ADMITTED"", ""OPERATION_STATE_CHANGED"", ""OPERATION_TERMINAL""]}",ui/contracts/ui-control-registry.json#/pages/7/actions/12
ui.browser.teach,Vytvořit automatizaci,browser.automation.createFromTeaching,OWNER_FULL,dashboard.drawer.browser,NOT_IN_DASHBOARD_REFERENCE,Dashboard > Actions > browser > browser.teach,CANONICAL_COMMAND,"[""closure/contracts/operation-payloads.json#/records/2/requestSchema""]","{""browser.automation.createFromTeaching"": ""Every admission, transition, child reservation, outcome and manual-review decision records logicalOperationId, correlationId, actor/channel and before/after digests.""}",ui/contracts/ui-control-registry.json#/pages/7/actions/13
ui.registered.open,Otevřít detail,agent.definition.read|browser.automation.read|component.read|external.target.read|mcp.catalog.tool.read|secret.metadata.read,OWNER_FULL,dashboard.drawer.registered,NOT_IN_DASHBOARD_REFERENCE,Dashboard > Actions > registered > registered.open,CANONICAL_COMMAND,"[{""catalog"": ""contracts/payload-contracts.json"", ""routeIds"": [""route.0139""]}, {""catalog"": ""contracts/payload-contracts.json"", ""routeIds"": [""route.0349""]}, {""catalog"": ""contracts/payload-contracts.json"", ""routeIds"": [""route.0043"", ""route.0069""]}, {""catalog"": ""contracts/payload-contracts.json"", ""routeIds"": [""route.0423""]}, {""catalog"": ""contracts/payload-contracts.json"", ""routeIds"": [""route.0123""]}, {""catalog"": ""contracts/payload-contracts.json"", ""routeIds"": [""route.0387""]}]","{""agent.definition.read"": [""OPERATION_ADMITTED"", ""OPERATION_STATE_CHANGED"", ""OPERATION_TERMINAL""], ""browser.automation.read"": [""OPERATION_ADMITTED"", ""OPERATION_STATE_CHANGED"", ""OPERATION_TERMINAL""], ""component.read"": [""OPERATION_ADMITTED"", ""OPERATION_STATE_CHANGED"", ""OPERATION_TERMINAL""], ""external.target.read"": [""OPERATION_ADMITTED"", ""OPERATION_STATE_CHANGED"", ""OPERATION_TERMINAL""], ""mcp.catalog.tool.read"": [""OPERATION_ADMITTED"", ""OPERATION_STATE_CHANGED"", ""OPERATION_TERMINAL""], ""secret.metadata.read"": [""OPERATION_ADMITTED"", ""OPERATION_STATE_CHANGED"", ""OPERATION_TERMINAL""]}",ui/contracts/ui-control-registry.json#/pages/8/actions/0
ui.registered.enable,Zapnout,browser.automation.enable|component.enable,OWNER_FULL,dashboard.drawer.registered,NOT_IN_DASHBOARD_REFERENCE,Dashboard > Actions > registered > registered.enable,CANONICAL_COMMAND,"[{""catalog"": ""contracts/payload-contracts.json"", ""routeIds"": [""route.0382""]}, {""catalog"": ""contracts/payload-contracts.json"", ""routeIds"": [""route.0051"", ""route.0153""]}]","{""browser.automation.enable"": [""OPERATION_ADMITTED"", ""OPERATION_STATE_CHANGED"", ""OPERATION_TERMINAL""], ""component.enable"": [""OPERATION_ADMITTED"", ""OPERATION_STATE_CHANGED"", ""OPERATION_TERMINAL""]}",ui/contracts/ui-control-registry.json#/pages/8/actions/1
ui.registered.disable,Vypnout,browser.automation.disable|component.disable,OWNER_FULL,dashboard.drawer.registered,NOT_IN_DASHBOARD_REFERENCE,Dashboard > Actions > registered > registered.disable,CANONICAL_COMMAND,"[{""catalog"": ""contracts/payload-contracts.json"", ""routeIds"": [""route.0383""]}, {""catalog"": ""contracts/payload-contracts.json"", ""routeIds"": [""route.0052"", ""route.0154""]}]","{""browser.automation.disable"": [""OPERATION_ADMITTED"", ""OPERATION_STATE_CHANGED"", ""OPERATION_TERMINAL""], ""component.disable"": [""OPERATION_ADMITTED"", ""OPERATION_STATE_CHANGED"", ""OPERATION_TERMINAL""]}",ui/contracts/ui-control-registry.json#/pages/8/actions/2
ui.registered.repair,Opravit,agent.repair.request|browser.automation.repair|component.repair.request|monitor.repair.enqueue,OWNER_FULL,dashboard.drawer.registered,NOT_IN_DASHBOARD_REFERENCE,Dashboard > Actions > registered > registered.repair,CANONICAL_COMMAND,"[{""catalog"": ""contracts/payload-contracts.json"", ""routeIds"": [""route.0155""]}, {""catalog"": ""contracts/payload-contracts.json"", ""routeIds"": [""route.0384""]}, {""catalog"": ""contracts/payload-contracts.json"", ""routeIds"": [""route.0057""]}, {""schemaId"": ""urn:kcml:r9:operation:monitor.repair.enqueue:command""}]","{""agent.repair.request"": [""OPERATION_ADMITTED"", ""OPERATION_STATE_CHANGED"", ""OPERATION_TERMINAL""], ""browser.automation.repair"": [""OPERATION_ADMITTED"", ""OPERATION_STATE_CHANGED"", ""OPERATION_TERMINAL""], ""component.repair.request"": [""OPERATION_ADMITTED"", ""OPERATION_STATE_CHANGED"", ""OPERATION_TERMINAL""], ""monitor.repair.enqueue"": [""OPERATION_ADMITTED"", ""OPERATION_STATE_CHANGED"", ""OPERATION_TERMINAL""]}",ui/contracts/ui-control-registry.json#/pages/8/actions/3
ui.component.register,Registrovat,component.register,OWNER_FULL,dashboard.drawer.components,NOT_IN_DASHBOARD_REFERENCE,Dashboard > Actions > components > component.register,CANONICAL_COMMAND,"[{""catalog"": ""contracts/payload-contracts.json"", ""routeIds"": [""route.0042"", ""route.0068""]}]","{""component.register"": [""OPERATION_ADMITTED"", ""OPERATION_STATE_CHANGED"", ""OPERATION_TERMINAL""]}",ui/contracts/ui-control-registry.json#/pages/9/actions/0
ui.component.generate,Generovat,generation.job.create,OWNER_FULL,dashboard.drawer.components,NOT_IN_DASHBOARD_REFERENCE,Dashboard > Actions > components > component.generate,CANONICAL_COMMAND,"[{""catalog"": ""contracts/payload-contracts.json"", ""routeIds"": [""route.0215""]}]","{""generation.job.create"": [""OPERATION_ADMITTED"", ""OPERATION_STATE_CHANGED"", ""OPERATION_TERMINAL""]}",ui/contracts/ui-control-registry.json#/pages/9/actions/1
ui.component.import,Importovat,component.import,OWNER_FULL,dashboard.drawer.components,NOT_IN_DASHBOARD_REFERENCE,Dashboard > Actions > components > component.import,CANONICAL_COMMAND,"[""closure/contracts/operation-payloads.json#/records/3/requestSchema""]","{""component.import"": ""Every admission, transition, child reservation, outcome and manual-review decision records logicalOperationId, correlationId, actor/channel and before/after digests.""}",ui/contracts/ui-control-registry.json#/pages/9/actions/2
ui.component.export,Exportovat,component.export,OWNER_FULL,dashboard.drawer.components,NOT_IN_DASHBOARD_REFERENCE,Dashboard > Actions > components > component.export,CANONICAL_COMMAND,"[""closure/contracts/operation-payloads.json#/records/4/requestSchema""]","{""component.export"": ""Every admission, transition, child reservation, outcome and manual-review decision records logicalOperationId, correlationId, actor/channel and before/after digests.""}",ui/contracts/ui-control-registry.json#/pages/9/actions/3
ui.component.validate,Validovat,component.validate,OWNER_FULL,dashboard.drawer.components,NOT_IN_DASHBOARD_REFERENCE,Dashboard > Actions > components > component.validate,CANONICAL_COMMAND,"[{""catalog"": ""contracts/payload-contracts.json"", ""routeIds"": [""route.0048"", ""route.0074""]}]","{""component.validate"": [""OPERATION_ADMITTED"", ""OPERATION_STATE_CHANGED"", ""OPERATION_TERMINAL""]}",ui/contracts/ui-control-registry.json#/pages/9/actions/4
ui.component.verify,Ověřit,component.verify,OWNER_FULL,dashboard.drawer.components,NOT_IN_DASHBOARD_REFERENCE,Dashboard > Actions > components > component.verify,CANONICAL_COMMAND,"[{""catalog"": ""contracts/payload-contracts.json"", ""routeIds"": [""route.0049"", ""route.0075""]}]","{""component.verify"": [""OPERATION_ADMITTED"", ""OPERATION_STATE_CHANGED"", ""OPERATION_TERMINAL""]}",ui/contracts/ui-control-registry.json#/pages/9/actions/5
ui.component.activate,Aktivovat,component.activate,OWNER_FULL,dashboard.drawer.components,NOT_IN_DASHBOARD_REFERENCE,Dashboard > Actions > components > component.activate,CANONICAL_COMMAND,"[{""catalog"": ""contracts/payload-contracts.json"", ""routeIds"": [""route.0050"", ""route.0076""]}]","{""component.activate"": [""OPERATION_ADMITTED"", ""OPERATION_STATE_CHANGED"", ""OPERATION_TERMINAL""]}",ui/contracts/ui-control-registry.json#/pages/9/actions/6
ui.component.rollback,Rollback,component.rollback,OWNER_FULL,dashboard.drawer.components,NOT_IN_DASHBOARD_REFERENCE,Dashboard > Actions > components > component.rollback,CANONICAL_COMMAND,"[{""catalog"": ""contracts/payload-contracts.json"", ""routeIds"": [""route.0056""]}]","{""component.rollback"": [""OPERATION_ADMITTED"", ""OPERATION_STATE_CHANGED"", ""OPERATION_TERMINAL""]}",ui/contracts/ui-control-registry.json#/pages/9/actions/7
ui.component.archive,Archivovat,component.retire,OWNER_FULL,dashboard.drawer.components,NOT_IN_DASHBOARD_REFERENCE,Dashboard > Actions > components > component.archive,CANONICAL_COMMAND,"[""closure/contracts/operation-payloads.json#/records/5/requestSchema""]","{""component.retire"": ""Every admission, transition, child reservation, outcome and manual-review decision records logicalOperationId, correlationId, actor/channel and before/after digests.""}",ui/contracts/ui-control-registry.json#/pages/9/actions/8
ui.component.deregister,Deregistrovat,component.deregister,OWNER_FULL,dashboard.drawer.components,NOT_IN_DASHBOARD_REFERENCE,Dashboard > Actions > components > component.deregister,CANONICAL_COMMAND,"[{""catalog"": ""contracts/payload-contracts.json"", ""routeIds"": [""route.0036""]}]","{""component.deregister"": [""OPERATION_ADMITTED"", ""OPERATION_STATE_CHANGED"", ""OPERATION_TERMINAL""]}",ui/contracts/ui-control-registry.json#/pages/9/actions/9
ui.external.save,Uložit target,external.target.create|external.target.patch,OWNER_FULL,dashboard.drawer.external,NOT_IN_DASHBOARD_REFERENCE,Dashboard > Actions > external > external.save,CANONICAL_COMMAND,"[{""catalog"": ""contracts/payload-contracts.json"", ""routeIds"": [""route.0422""]}, {""catalog"": ""contracts/payload-contracts.json"", ""routeIds"": [""route.0424""]}]","{""external.target.create"": [""OPERATION_ADMITTED"", ""OPERATION_STATE_CHANGED"", ""OPERATION_TERMINAL""], ""external.target.patch"": [""OPERATION_ADMITTED"", ""OPERATION_STATE_CHANGED"", ""OPERATION_TERMINAL""]}",ui/contracts/ui-control-registry.json#/pages/10/actions/0
ui.external.test,Otestovat request,external.target.test,OWNER_FULL,dashboard.drawer.external,NOT_IN_DASHBOARD_REFERENCE,Dashboard > Actions > external > external.test,CANONICAL_COMMAND,"[{""catalog"": ""contracts/payload-contracts.json"", ""routeIds"": [""route.0425""]}]","{""external.target.test"": [""OPERATION_ADMITTED"", ""OPERATION_STATE_CHANGED"", ""OPERATION_TERMINAL""]}",ui/contracts/ui-control-registry.json#/pages/10/actions/1
ui.external.challenge,Otestovat challenge,external.webhook.test,OWNER_FULL,dashboard.drawer.external,NOT_IN_DASHBOARD_REFERENCE,Dashboard > Actions > external > external.challenge,CANONICAL_COMMAND,"[{""catalog"": ""contracts/payload-contracts.json"", ""routeIds"": [""route.0436""]}]","{""external.webhook.test"": [""OPERATION_ADMITTED"", ""OPERATION_STATE_CHANGED"", ""OPERATION_TERMINAL""]}",ui/contracts/ui-control-registry.json#/pages/10/actions/2
ui.external.circuitOpen,Otevřít circuit,external.circuit.open,OWNER_FULL,dashboard.drawer.external,NOT_IN_DASHBOARD_REFERENCE,Dashboard > Actions > external > external.circuitOpen,CANONICAL_COMMAND,"[{""catalog"": ""contracts/payload-contracts.json"", ""routeIds"": [""route.0426""]}]","{""external.circuit.open"": [""OPERATION_ADMITTED"", ""OPERATION_STATE_CHANGED"", ""OPERATION_TERMINAL""]}",ui/contracts/ui-control-registry.json#/pages/10/actions/3
ui.external.circuitClose,Zavřít circuit,external.circuit.close,OWNER_FULL,dashboard.drawer.external,NOT_IN_DASHBOARD_REFERENCE,Dashboard > Actions > external > external.circuitClose,CANONICAL_COMMAND,"[{""catalog"": ""contracts/payload-contracts.json"", ""routeIds"": [""route.0427""]}]","{""external.circuit.close"": [""OPERATION_ADMITTED"", ""OPERATION_STATE_CHANGED"", ""OPERATION_TERMINAL""]}",ui/contracts/ui-control-registry.json#/pages/10/actions/4
ui.external.circuitReset,Resetovat circuit,external.circuit.reset,OWNER_FULL,dashboard.drawer.external,NOT_IN_DASHBOARD_REFERENCE,Dashboard > Actions > external > external.circuitReset,CANONICAL_COMMAND,"[""closure/contracts/operation-payloads.json#/records/6/requestSchema""]","{""external.circuit.reset"": ""Every admission, transition, child reservation, outcome and manual-review decision records logicalOperationId, correlationId, actor/channel and before/after digests.""}",ui/contracts/ui-control-registry.json#/pages/10/actions/5
ui.monitoring.ack,Potvrdit alert,monitor.alert.acknowledge,OWNER_FULL,dashboard.drawer.monitoring,NOT_IN_DASHBOARD_REFERENCE,Dashboard > Actions > monitoring > monitoring.ack,CANONICAL_COMMAND,"[{""catalog"": ""contracts/payload-contracts.json"", ""routeIds"": [""route.0445""]}]","{""monitor.alert.acknowledge"": [""OPERATION_ADMITTED"", ""OPERATION_STATE_CHANGED"", ""OPERATION_TERMINAL""]}",ui/contracts/ui-control-registry.json#/pages/11/actions/0
ui.monitoring.suppress,Potlačit,monitor.alert.suppress,OWNER_FULL,dashboard.drawer.monitoring,NOT_IN_DASHBOARD_REFERENCE,Dashboard > Actions > monitoring > monitoring.suppress,CANONICAL_COMMAND,"[{""catalog"": ""contracts/payload-contracts.json"", ""routeIds"": [""route.0446""]}]","{""monitor.alert.suppress"": [""OPERATION_ADMITTED"", ""OPERATION_STATE_CHANGED"", ""OPERATION_TERMINAL""]}",ui/contracts/ui-control-registry.json#/pages/11/actions/1
ui.monitoring.close,Uzavřít alert,monitor.alert.close,OWNER_FULL,dashboard.drawer.monitoring,NOT_IN_DASHBOARD_REFERENCE,Dashboard > Actions > monitoring > monitoring.close,CANONICAL_COMMAND,"[{""catalog"": ""contracts/payload-contracts.json"", ""routeIds"": [""route.0447""]}]","{""monitor.alert.close"": [""OPERATION_ADMITTED"", ""OPERATION_STATE_CHANGED"", ""OPERATION_TERMINAL""]}",ui/contracts/ui-control-registry.json#/pages/11/actions/2
ui.monitoring.repair,Opravit,monitor.repair.enqueue,OWNER_FULL,dashboard.drawer.monitoring,NOT_IN_DASHBOARD_REFERENCE,Dashboard > Actions > monitoring > monitoring.repair,CANONICAL_COMMAND,"[{""schemaId"": ""urn:kcml:r9:operation:monitor.repair.enqueue:command""}]","{""monitor.repair.enqueue"": [""OPERATION_ADMITTED"", ""OPERATION_STATE_CHANGED"", ""OPERATION_TERMINAL""]}",ui/contracts/ui-control-registry.json#/pages/11/actions/3
ui.monitoring.probe,Spustit kontrolu,monitor.probe.request,OWNER_FULL,dashboard.drawer.monitoring,NOT_IN_DASHBOARD_REFERENCE,Dashboard > Actions > monitoring > monitoring.probe,CANONICAL_COMMAND,"[{""catalog"": ""contracts/payload-contracts.json"", ""routeIds"": [""route.0442""]}]","{""monitor.probe.request"": [""OPERATION_ADMITTED"", ""OPERATION_STATE_CHANGED"", ""OPERATION_TERMINAL""]}",ui/contracts/ui-control-registry.json#/pages/11/actions/4
ui.monitoring.saveProfile,Uložit profil,monitor.profile.replace,OWNER_FULL,dashboard.drawer.monitoring,NOT_IN_DASHBOARD_REFERENCE,Dashboard > Actions > monitoring > monitoring.saveProfile,CANONICAL_COMMAND,"[{""catalog"": ""contracts/payload-contracts.json"", ""routeIds"": [""route.0441""]}]","{""monitor.profile.replace"": [""OPERATION_ADMITTED"", ""OPERATION_STATE_CHANGED"", ""OPERATION_TERMINAL""]}",ui/contracts/ui-control-registry.json#/pages/11/actions/5
ui.runtime.revealKey,Zobrazit API klíč,ownerApiKey.reveal,OWNER_FULL,dashboard.drawer.runtime-access,NOT_IN_DASHBOARD_REFERENCE,Dashboard > Actions > runtime-access > runtime.revealKey,CANONICAL_COMMAND,"[{""catalog"": ""contracts/payload-contracts.json"", ""routeIds"": [""route.0023""]}]","{""ownerApiKey.reveal"": [""OPERATION_ADMITTED"", ""OPERATION_STATE_CHANGED"", ""OPERATION_TERMINAL""]}",ui/contracts/ui-control-registry.json#/pages/12/actions/0
ui.runtime.copyKey,Kopírovat API klíč,,OWNER_FULL,dashboard.drawer.runtime-access,NOT_IN_DASHBOARD_REFERENCE,Dashboard > Actions > runtime-access > runtime.copyKey,CLIENT_INTERACTION,[],{},ui/contracts/ui-control-registry.json#/pages/12/actions/1
ui.runtime.rotateKey,Rotovat API klíč,ownerApiKey.rotate,OWNER_FULL,dashboard.drawer.runtime-access,NOT_IN_DASHBOARD_REFERENCE,Dashboard > Actions > runtime-access > runtime.rotateKey,CANONICAL_COMMAND,"[{""catalog"": ""contracts/payload-contracts.json"", ""routeIds"": [""route.0024""]}]","{""ownerApiKey.rotate"": [""OPERATION_ADMITTED"", ""OPERATION_STATE_CHANGED"", ""OPERATION_TERMINAL""]}",ui/contracts/ui-control-registry.json#/pages/12/actions/2
ui.runtime.testBinding,Otestovat vazbu,binding.test,OWNER_FULL,dashboard.drawer.runtime-access,NOT_IN_DASHBOARD_REFERENCE,Dashboard > Actions > runtime-access > runtime.testBinding,CANONICAL_COMMAND,"[{""catalog"": ""contracts/payload-contracts.json"", ""routeIds"": [""route.0420""]}]","{""binding.test"": [""OPERATION_ADMITTED"", ""OPERATION_STATE_CHANGED"", ""OPERATION_TERMINAL""]}",ui/contracts/ui-control-registry.json#/pages/12/actions/3
ui.runtime.revokeBridge,Revokovat bridge certifikát,browser.bridge.revoke,OWNER_FULL,dashboard.drawer.runtime-access,NOT_IN_DASHBOARD_REFERENCE,Dashboard > Actions > runtime-access > runtime.revokeBridge,CANONICAL_COMMAND,"[{""catalog"": ""contracts/payload-contracts.json"", ""routeIds"": [""route.0346""]}]","{""browser.bridge.revoke"": [""OPERATION_ADMITTED"", ""OPERATION_STATE_CHANGED"", ""OPERATION_TERMINAL""]}",ui/contracts/ui-control-registry.json#/pages/12/actions/4
ui.secret.create,Nový secret,secret.create,OWNER_FULL,dashboard.drawer.secrets,NOT_IN_DASHBOARD_REFERENCE,Dashboard > Actions > secrets > secret.create,CANONICAL_COMMAND,"[{""catalog"": ""contracts/payload-contracts.json"", ""routeIds"": [""route.0386""]}]","{""secret.create"": [""OPERATION_ADMITTED"", ""OPERATION_STATE_CHANGED"", ""OPERATION_TERMINAL""]}",ui/contracts/ui-control-registry.json#/pages/13/actions/0
ui.secret.reveal,Zobrazit,secret.value.read,OWNER_FULL,dashboard.drawer.secrets,NOT_IN_DASHBOARD_REFERENCE,Dashboard > Actions > secrets > secret.reveal,CANONICAL_COMMAND,"[{""catalog"": ""contracts/payload-contracts.json"", ""routeIds"": [""route.0390""]}]","{""secret.value.read"": [""OPERATION_ADMITTED"", ""OPERATION_STATE_CHANGED"", ""OPERATION_TERMINAL""]}",ui/contracts/ui-control-registry.json#/pages/13/actions/1
ui.secret.copy,Kopírovat,,OWNER_FULL,dashboard.drawer.secrets,NOT_IN_DASHBOARD_REFERENCE,Dashboard > Actions > secrets > secret.copy,CLIENT_INTERACTION,[],{},ui/contracts/ui-control-registry.json#/pages/13/actions/2
ui.secret.newVersion,Nová verze,secret.version.create,OWNER_FULL,dashboard.drawer.secrets,NOT_IN_DASHBOARD_REFERENCE,Dashboard > Actions > secrets > secret.newVersion,CANONICAL_COMMAND,"[{""catalog"": ""contracts/payload-contracts.json"", ""routeIds"": [""route.0391""]}]","{""secret.version.create"": [""OPERATION_ADMITTED"", ""OPERATION_STATE_CHANGED"", ""OPERATION_TERMINAL""]}",ui/contracts/ui-control-registry.json#/pages/13/actions/3
ui.secret.activateVersion,Aktivovat verzi,secret.version.activate,OWNER_FULL,dashboard.drawer.secrets,NOT_IN_DASHBOARD_REFERENCE,Dashboard > Actions > secrets > secret.activateVersion,CANONICAL_COMMAND,"[{""catalog"": ""contracts/payload-contracts.json"", ""routeIds"": [""route.0393""]}]","{""secret.version.activate"": [""OPERATION_ADMITTED"", ""OPERATION_STATE_CHANGED"", ""OPERATION_TERMINAL""]}",ui/contracts/ui-control-registry.json#/pages/13/actions/4
ui.secret.rotate,Rotovat,secret.rotate,OWNER_FULL,dashboard.drawer.secrets,NOT_IN_DASHBOARD_REFERENCE,Dashboard > Actions > secrets > secret.rotate,CANONICAL_COMMAND,"[{""catalog"": ""contracts/payload-contracts.json"", ""routeIds"": [""route.0394""]}]","{""secret.rotate"": [""OPERATION_ADMITTED"", ""OPERATION_STATE_CHANGED"", ""OPERATION_TERMINAL""]}",ui/contracts/ui-control-registry.json#/pages/13/actions/5
ui.secret.bind,Připojit,secret.bind,OWNER_FULL,dashboard.drawer.secrets,NOT_IN_DASHBOARD_REFERENCE,Dashboard > Actions > secrets > secret.bind,CANONICAL_COMMAND,"[{""catalog"": ""contracts/payload-contracts.json"", ""routeIds"": [""route.0037"", ""route.0396""]}]","{""secret.bind"": [""OPERATION_ADMITTED"", ""OPERATION_STATE_CHANGED"", ""OPERATION_TERMINAL""]}",ui/contracts/ui-control-registry.json#/pages/13/actions/6
ui.secret.unbind,Odpojit,secret.unbind,OWNER_FULL,dashboard.drawer.secrets,NOT_IN_DASHBOARD_REFERENCE,Dashboard > Actions > secrets > secret.unbind,CANONICAL_COMMAND,"[{""catalog"": ""contracts/payload-contracts.json"", ""routeIds"": [""route.0038"", ""route.0397""]}]","{""secret.unbind"": [""OPERATION_ADMITTED"", ""OPERATION_STATE_CHANGED"", ""OPERATION_TERMINAL""]}",ui/contracts/ui-control-registry.json#/pages/13/actions/7
ui.secret.delete,Smazat,secret.delete,OWNER_FULL,dashboard.drawer.secrets,NOT_IN_DASHBOARD_REFERENCE,Dashboard > Actions > secrets > secret.delete,CANONICAL_COMMAND,"[{""catalog"": ""contracts/payload-contracts.json"", ""routeIds"": [""route.0389""]}]","{""secret.delete"": [""OPERATION_ADMITTED"", ""OPERATION_STATE_CHANGED"", ""OPERATION_TERMINAL""]}",ui/contracts/ui-control-registry.json#/pages/13/actions/8
ui.secret.export,Exportovat,secret.export,OWNER_FULL,dashboard.drawer.secrets,NOT_IN_DASHBOARD_REFERENCE,Dashboard > Actions > secrets > secret.export,CANONICAL_COMMAND,"[{""catalog"": ""contracts/payload-contracts.json"", ""routeIds"": [""route.0402""]}]","{""secret.export"": [""OPERATION_ADMITTED"", ""OPERATION_STATE_CHANGED"", ""OPERATION_TERMINAL""]}",ui/contracts/ui-control-registry.json#/pages/13/actions/9
ui.secret.testResolve,Test resolve,secret.resolve.test,OWNER_FULL,dashboard.drawer.secrets,NOT_IN_DASHBOARD_REFERENCE,Dashboard > Actions > secrets > secret.testResolve,CANONICAL_COMMAND,"[{""catalog"": ""contracts/payload-contracts.json"", ""routeIds"": [""route.0399""]}]","{""secret.resolve.test"": [""OPERATION_ADMITTED"", ""OPERATION_STATE_CHANGED"", ""OPERATION_TERMINAL""]}",ui/contracts/ui-control-registry.json#/pages/13/actions/10
ui.audit.live,Živý přenos,log.stream,OWNER_FULL,dashboard.drawer.audit,NOT_IN_DASHBOARD_REFERENCE,Dashboard > Actions > audit > audit.live,CANONICAL_COMMAND,"[{""catalog"": ""contracts/payload-contracts.json"", ""routeIds"": [""route.0457""]}]","{""log.stream"": [""OPERATION_ADMITTED"", ""OPERATION_STATE_CHANGED"", ""OPERATION_TERMINAL""]}",ui/contracts/ui-control-registry.json#/pages/14/actions/0
ui.audit.search,Hledat,log.query,OWNER_FULL,dashboard.drawer.audit,NOT_IN_DASHBOARD_REFERENCE,Dashboard > Actions > audit > audit.search,CANONICAL_COMMAND,"[{""catalog"": ""contracts/payload-contracts.json"", ""routeIds"": [""route.0062"", ""route.0262"", ""route.0456""]}]","{""log.query"": [""OPERATION_ADMITTED"", ""OPERATION_STATE_CHANGED"", ""OPERATION_TERMINAL""]}",ui/contracts/ui-control-registry.json#/pages/14/actions/1
ui.audit.saveQuery,Uložit dotaz,audit.savedQuery.create,OWNER_FULL,dashboard.drawer.audit,NOT_IN_DASHBOARD_REFERENCE,Dashboard > Actions > audit > audit.saveQuery,CANONICAL_COMMAND,"[""closure/contracts/operation-payloads.json#/records/7/requestSchema""]","{""audit.savedQuery.create"": ""Every admission, transition, child reservation, outcome and manual-review decision records logicalOperationId, correlationId, actor/channel and before/after digests.""}",ui/contracts/ui-control-registry.json#/pages/14/actions/2
ui.audit.exportJsonl,Export JSONL,log.export,OWNER_FULL,dashboard.drawer.audit,NOT_IN_DASHBOARD_REFERENCE,Dashboard > Actions > audit > audit.exportJsonl,CANONICAL_COMMAND,"[{""catalog"": ""contracts/payload-contracts.json"", ""routeIds"": [""route.0459""]}]","{""log.export"": [""OPERATION_ADMITTED"", ""OPERATION_STATE_CHANGED"", ""OPERATION_TERMINAL""]}",ui/contracts/ui-control-registry.json#/pages/14/actions/3
ui.audit.exportCsv,Export CSV,log.export,OWNER_FULL,dashboard.drawer.audit,NOT_IN_DASHBOARD_REFERENCE,Dashboard > Actions > audit > audit.exportCsv,CANONICAL_COMMAND,"[{""catalog"": ""contracts/payload-contracts.json"", ""routeIds"": [""route.0459""]}]","{""log.export"": [""OPERATION_ADMITTED"", ""OPERATION_STATE_CHANGED"", ""OPERATION_TERMINAL""]}",ui/contracts/ui-control-registry.json#/pages/14/actions/4
ui.audit.verify,Ověřit integritu,audit.integrity.verify,OWNER_FULL,dashboard.drawer.audit,NOT_IN_DASHBOARD_REFERENCE,Dashboard > Actions > audit > audit.verify,CANONICAL_COMMAND,"[{""catalog"": ""contracts/payload-contracts.json"", ""routeIds"": [""route.0454""]}]","{""audit.integrity.verify"": [""OPERATION_ADMITTED"", ""OPERATION_STATE_CHANGED"", ""OPERATION_TERMINAL""]}",ui/contracts/ui-control-registry.json#/pages/14/actions/5
ui.config.edit,Upravit,,OWNER_FULL,dashboard.drawer.configuration,NOT_IN_DASHBOARD_REFERENCE,Dashboard > Actions > configuration > config.edit,CLIENT_INTERACTION,[],{},ui/contracts/ui-control-registry.json#/pages/15/actions/0
ui.config.apply,Použít,config.apply,OWNER_FULL,dashboard.drawer.configuration,NOT_IN_DASHBOARD_REFERENCE,Dashboard > Actions > configuration > config.apply,CANONICAL_COMMAND,"[{""catalog"": ""contracts/payload-contracts.json"", ""routeIds"": [""route.0465""]}]","{""config.apply"": [""OPERATION_ADMITTED"", ""OPERATION_STATE_CHANGED"", ""OPERATION_TERMINAL""]}",ui/contracts/ui-control-registry.json#/pages/15/actions/1
ui.config.cancelEdit,Zrušit změny,,OWNER_FULL,dashboard.drawer.configuration,NOT_IN_DASHBOARD_REFERENCE,Dashboard > Actions > configuration > config.cancelEdit,CLIENT_INTERACTION,[],{},ui/contracts/ui-control-registry.json#/pages/15/actions/2
ui.config.rollback,Vrátit předchozí,config.rollback,OWNER_FULL,dashboard.drawer.configuration,NOT_IN_DASHBOARD_REFERENCE,Dashboard > Actions > configuration > config.rollback,CANONICAL_COMMAND,"[""closure/contracts/operation-payloads.json#/records/8/requestSchema""]","{""config.rollback"": ""Every admission, transition, child reservation, outcome and manual-review decision records logicalOperationId, correlationId, actor/channel and before/after digests.""}",ui/contracts/ui-control-registry.json#/pages/15/actions/3
ui.config.refresh,Obnovit účinný stav,config.setting.read,OWNER_FULL,dashboard.drawer.configuration,NOT_IN_DASHBOARD_REFERENCE,Dashboard > Actions > configuration > config.refresh,CANONICAL_COMMAND,"[{""catalog"": ""contracts/payload-contracts.json"", ""routeIds"": [""route.0461""]}]","{""config.setting.read"": [""OPERATION_ADMITTED"", ""OPERATION_STATE_CHANGED"", ""OPERATION_TERMINAL""]}",ui/contracts/ui-control-registry.json#/pages/15/actions/4
ui.test.runAll,Spustit vše,selfTest.run.start,OWNER_FULL,dashboard.drawer.tests-api,NOT_IN_DASHBOARD_REFERENCE,Dashboard > Actions > tests-api > test.runAll,CANONICAL_COMMAND,"[{""catalog"": ""contracts/payload-contracts.json"", ""routeIds"": [""route.0483"", ""route.0507""]}]","{""selfTest.run.start"": [""OPERATION_ADMITTED"", ""OPERATION_STATE_CHANGED"", ""OPERATION_TERMINAL""]}",ui/contracts/ui-control-registry.json#/pages/16/actions/0
ui.test.runSelected,Spustit vybrané,selfTest.run.start,OWNER_FULL,dashboard.drawer.tests-api,NOT_IN_DASHBOARD_REFERENCE,Dashboard > Actions > tests-api > test.runSelected,CANONICAL_COMMAND,"[{""catalog"": ""contracts/payload-contracts.json"", ""routeIds"": [""route.0483"", ""route.0507""]}]","{""selfTest.run.start"": [""OPERATION_ADMITTED"", ""OPERATION_STATE_CHANGED"", ""OPERATION_TERMINAL""]}",ui/contracts/ui-control-registry.json#/pages/16/actions/1
ui.test.cancel,Zrušit test,selfTest.run.cancel,OWNER_FULL,dashboard.drawer.tests-api,NOT_IN_DASHBOARD_REFERENCE,Dashboard > Actions > tests-api > test.cancel,CANONICAL_COMMAND,"[{""catalog"": ""contracts/payload-contracts.json"", ""routeIds"": [""route.0491""]}]","{""selfTest.run.cancel"": [""OPERATION_ADMITTED"", ""OPERATION_STATE_CHANGED"", ""OPERATION_TERMINAL""]}",ui/contracts/ui-control-registry.json#/pages/16/actions/2
ui.api.execute,Odeslat API request,acceptance.run.cancel|acceptance.run.list|acceptance.run.start|agent.approval.approve|agent.approval.reject|agent.definition.create|agent.definition.list|agent.definition.patch|agent.definition.read|agent.eval.start|agent.evalRun.cases.read|agent.evalRun.read|agent.evalSuite.create|agent.evalSuite.list|agent.evalSuite.read|agent.memory.item.remove|agent.memory.read|agent.memory.write|agent.message.append|agent.repair.request|agent.revision.activate|agent.revision.compatibility|agent.revision.guardrail.list|agent.revision.handoff.list|agent.revision.list|agent.revision.promotionGate.list|agent.revision.publish|agent.revision.read|agent.revision.toolBinding.list|agent.revision.toolBinding.preview|agent.revision.validate|agent.revision.verify|agent.run.approval.list|agent.run.cancel|agent.run.checkpoint.list|agent.run.events.read|agent.run.handoff.list|agent.run.list|agent.run.pause|agent.run.resume|agent.run.start|agent.run.status|agent.run.toolCall.list|agent.session.close|agent.session.compact|agent.session.items.read|agent.session.list|agent.session.read|agent.trigger.create|agent.trigger.list|agent.trigger.patch|agent.trigger.remove|agentic.security.event.list|agentic.security.event.read|agentic.security.evidence.export|audit.archive.list|audit.event.list|audit.event.read|audit.integrity.read|audit.integrity.verify|audit.savedQuery.create|authority.actionPlan.list|authority.context.read|authority.intent.read|authority.lineage.graph|authority.lineage.resolve|backup.create|backup.list|backup.restore|backup.verify|binding.create|binding.list|binding.preview|binding.read|binding.remove|binding.replace|binding.test|browser.account.list|browser.account.logout|browser.account.metadata.patch|browser.account.read|browser.account.reauthenticate|browser.account.save|browser.account.verify|browser.action.attempt.list|browser.action.cancel|browser.action.reconcile|browser.action.resolveOutcome|browser.action.start|browser.action.status|browser.annotation.create|browser.auth.verify|browser.authAttempt.list|browser.automation.activate|browser.automation.artifact.list|browser.automation.artifact.read|browser.automation.authBinding.create|browser.automation.authBinding.list|browser.automation.cancel|browser.automation.create|browser.automation.createFromTeaching|browser.automation.disable|browser.automation.enable|browser.automation.list|browser.automation.metadata.patch|browser.automation.preflight|browser.automation.read|browser.automation.reauthenticate|browser.automation.reconcile|browser.automation.repair|browser.automation.revision.list|browser.automation.revision.publish|browser.automation.revision.read|browser.automation.rollback|browser.automation.run|browser.automation.run.list|browser.automation.run.read|browser.automation.run.step.list|browser.automation.schedule.create|browser.automation.schedule.list|browser.automation.schedule.patch|browser.automation.verify|browser.bridge.assign|browser.bridge.connection.list|browser.bridge.enroll|browser.bridge.list|browser.bridge.profile.list|browser.bridge.read|browser.bridge.release|browser.bridge.revoke|browser.bridge.rotateCertificate|browser.bridge.test|browser.challenge.resolve|browser.cleanup.resume|browser.confirmation.respond|browser.control.acquire|browser.control.read|browser.control.release|browser.control.transfer|browser.control.transfer.list|browser.dialog.respond|browser.document.list|browser.download.list|browser.focus.request|browser.frame.list|browser.navigation.list|browser.observation.request|browser.operationScope.set|browser.page.activate|browser.page.close|browser.page.list|browser.page.open|browser.page.read|browser.permission.respond|browser.preview.latest|browser.preview.resync|browser.preview.ticket.create|browser.research.cancel|browser.research.extract|browser.research.plan|browser.research.publish|browser.research.start|browser.research.verify|browser.run.manualReview|browser.runtimeBuild.verify|browser.session.artifact.list|browser.session.attach|browser.session.close|browser.session.create|browser.session.credentials.submit|browser.session.events.read|browser.session.list|browser.session.pause|browser.session.recover|browser.session.resume|browser.session.snapshot.read|browser.session.state|browser.state.activate|browser.state.capture|browser.state.invalidate|browser.state.verify|browser.stateBundle.list|browser.stateBundle.read|browser.target.list|browser.target.pick|browser.target.revalidate|browser.teaching.compile|browser.teaching.list|browser.teaching.read|browser.teaching.start|browser.teaching.stop|browser.upload.create|chat.ask|chat.browser.control.acquire|chat.browser.control.returnToAi|chat.browser.directive.compile|chat.browser.session.attach|chat.browser.session.create|chat.browser.session.list|chat.browser.target.attach|chat.command.execute|chat.conversation.cancel|chat.conversation.create|chat.conversation.list|chat.conversation.read|chat.message.append|chat.message.list|chat.response.stream|chat.turn.steer|component.activate|component.deregister|component.deregistration.preview|component.disable|component.e2e.start|component.enable|component.export|component.heartbeat.challenge|component.import|component.list|component.metadata.patch|component.quarantine|component.read|component.recertify|component.register|component.release.list|component.repair.request|component.restore|component.retire|component.revision.list|component.revision.publish|component.revision.read|component.rollback|component.state.request|component.suspend|component.suspension.set|component.usage.read|component.validate|component.verify|config.apply|config.export|config.import|config.rollback|config.setting.list|config.setting.read|config.setting.replace|config.setting.reset|config.validate|dashboard.events.read|dashboard.identityCards.list|dashboard.layout.replace|dashboard.topology.read|deployment.list|external.authBinding.create|external.authBinding.list|external.authBinding.patch|external.circuit.close|external.circuit.open|external.circuit.reset|external.request.list|external.target.create|external.target.list|external.target.patch|external.target.read|external.target.test|external.targetBinding.create|external.targetBinding.list|external.targetBinding.remove|external.webhook.list|external.webhook.test|generation.activationSet.read|generation.artifact.list|generation.artifactManifest.list|generation.authority.read|generation.blocker.list|generation.blocker.resolve|generation.capability.resolve|generation.capabilitySnapshot.list|generation.checkpoint.list|generation.contractCandidate.list|generation.fact.list|generation.job.cancel|generation.job.create|generation.job.events.read|generation.job.followUp|generation.job.list|generation.job.read|generation.job.resume|generation.job.retry|generation.job.snapshot.read|generation.message.append|generation.message.list|generation.ownerDecision.list|generation.phase.list|generation.phase.read|generation.plan.list|generation.plan.read|generation.plan.validate|generation.research.bind|generation.research.refresh|generation.source.add|generation.source.list|generation.source.read|generation.spec.approve|generation.spec.current|generation.spec.precheck|generation.spec.revision.list|generation.spec.revision.read|generation.toolEvent.list|generation.turn.interrupt|generation.turn.list|generation.validation.run|generation.validationRun.list|generation.validationRun.read|generation.workspace.file.list|generation.workspace.patch.list|generation.workspace.revision.list|generation.workspace.revision.read|log.correlation.read|log.export|log.query|log.stream|maintenance.service.restart|mcp.alias.create|mcp.alias.list|mcp.alias.preview|mcp.alias.remove|mcp.callRun.events.read|mcp.callRun.list|mcp.callRun.outcome.read|mcp.callRun.read|mcp.catalog.prompt.list|mcp.catalog.prompt.read|mcp.catalog.resource.list|mcp.catalog.resource.read|mcp.catalog.resourceTemplate.list|mcp.catalog.resourceTemplate.read|mcp.catalog.tool.callers.list|mcp.catalog.tool.list|mcp.catalog.tool.read|mcp.catalog.tool.register|mcp.catalog.tool.revision.list|mcp.catalog.tool.usage.read|mcp.contract.compatibility|mcp.contract.validate|mcp.discovery.snapshot|mcp.discovery.snapshot.diff|mcp.discovery.snapshot.list|mcp.discovery.snapshot.read|mcp.era.probe|mcp.input.respond|mcp.inputExchange.list|mcp.inputExchange.read|mcp.registrationProbe.list|mcp.requestEvent.list|mcp.requestEvent.raw.read|mcp.requestEvent.read|mcp.stateHandle.close|mcp.stateHandle.list|mcp.stateHandle.read|mcp.subscription.cancel|mcp.subscription.list|mcp.subscription.notifications.read|mcp.subscription.read|mcp.task.events.read|mcp.task.list|mcp.tools.cancel|mcp.tools.reconcile|mcp.wire.verify|monitor.alert.acknowledge|monitor.alert.close|monitor.alert.delivery.list|monitor.alert.list|monitor.alert.read|monitor.alert.suppress|monitor.channel.test|monitor.overview.read|monitor.probe.list|monitor.probe.request|monitor.profile.list|monitor.profile.replace|monitor.stateHistory.read|openai.modelCall.checkpoint.list|openai.modelCall.continuation.list|openai.modelCall.events.read|openai.modelCall.list|openai.modelCall.outputItem.list|openai.modelCall.read|openai.modelCall.reconcile|openai.modelCall.requestCancel|openai.modelCall.requestDescriptor.read|openai.modelCall.resumeStream|openai.modelCall.retrieve|openai.modelCall.toolDispatch.list|openai.modelCapability.list|openai.modelCapability.read|openai.modelCapability.refresh|operation.catalog.list|operation.invoke|owner.auth.logout|owner.mfa.enroll|owner.mfa.reset|owner.mfa.verify|owner.recoveryCodes.rotate|owner.security.read|owner.session.current|owner.session.list|owner.session.reauthenticate|owner.session.revoke|owner.session.revokeAll|owner.session.revokeOthers|ownerApiKey.read|ownerApiKey.reveal|ownerApiKey.rotate|ownerApiKey.session.exchange|ownerApiKey.usage.read|provenance.content.graph|provenance.content.read|provenance.valueDerivation.list|release.activate|release.list|release.read|release.rollback|runtime.boundary.evidence.read|runtime.boundary.verify|runtime.call.list|runtime.cleanup.read|runtime.connection.inspect|runtime.connection.list|runtime.drain|runtime.execution.list|runtime.execution.read|runtime.instance.list|runtime.instance.read|runtime.instance.reconcile|runtime.instance.restart|runtime.process.list|runtime.sandbox.read|runtime.workerHeartbeat.list|secret.bind|secret.binding.bulkApply|secret.binding.bulkPreview|secret.binding.list|secret.create|secret.delete|secret.export|secret.import|secret.list|secret.metadata.patch|secret.metadata.read|secret.password.generate|secret.resolve.test|secret.rotate|secret.unbind|secret.usage.read|secret.useContext.list|secret.value.read|secret.version.activate|secret.version.create|secret.version.list|selfTest.catalog.list|selfTest.evidence.export|selfTest.evidence.read|selfTest.faultCatalog.list|selfTest.model.list|selfTest.registeredElement.run|selfTest.run.cancel|selfTest.run.cleanup|selfTest.run.events.read|selfTest.run.history.read|selfTest.run.list|selfTest.run.replay|selfTest.run.shrink|selfTest.run.start|selfTest.run.status|system.capability.list|system.closure.read|system.health.read|system.readiness.read|system.recovery.read|system.version.read,OWNER_FULL,dashboard.drawer.tests-api,NOT_IN_DASHBOARD_REFERENCE,Dashboard > Actions > tests-api > api.execute,CANONICAL_COMMAND,"[""closure/contracts/operation-payloads.json#/records/13/requestSchema"", {""catalog"": ""contracts/payload-contracts.json"", ""routeIds"": [""route.0475""]}, ""closure/contracts/operation-payloads.json#/records/12/requestSchema"", {""catalog"": ""contracts/payload-contracts.json"", ""routeIds"": [""route.0168""]}, {""catalog"": ""contracts/payload-contracts.json"", ""routeIds"": [""route.0169""]}, {""catalog"": ""contracts/payload-contracts.json"", ""routeIds"": [""route.0138""]}, {""catalog"": ""contracts/payload-contracts.json"", ""routeIds"": [""route.0137""]}, {""catalog"": ""contracts/payload-contracts.json"", ""routeIds"": [""route.0140""]}, {""catalog"": ""contracts/payload-contracts.json"", ""routeIds"": [""route.0139""]}, {""catalog"": ""contracts/payload-contracts.json"", ""routeIds"": [""route.0182""]}, {""catalog"": ""contracts/payload-contracts.json"", ""routeIds"": [""route.0184""]}, {""catalog"": ""contracts/payload-contracts.json"", ""routeIds"": [""route.0183""]}, {""catalog"": ""contracts/payload-contracts.json"", ""routeIds"": [""route.0180""]}, {""catalog"": ""contracts/payload-contracts.json"", ""routeIds"": [""route.0179""]}, {""catalog"": ""contracts/payload-contracts.json"", ""routeIds"": [""route.0181""]}, {""catalog"": ""contracts/payload-contracts.json"", ""routeIds"": [""route.0178""]}, {""catalog"": ""contracts/payload-contracts.json"", ""routeIds"": [""route.0175"", ""route.0176""]}, {""catalog"": ""contracts/payload-contracts.json"", ""routeIds"": [""route.0177""]}, {""catalog"": ""contracts/payload-contracts.json"", ""routeIds"": [""route.0161""]}, {""catalog"": ""contracts/payload-contracts.json"", ""routeIds"": [""route.0155""]}, {""catalog"": ""contracts/payload-contracts.json"", ""routeIds"": [""route.0146""]}, {""catalog"": ""contracts/payload-contracts.json"", ""routeIds"": [""route.0147""]}, {""catalog"": ""contracts/payload-contracts.json"", ""routeIds"": [""route.0151""]}, {""catalog"": ""contracts/payload-contracts.json"", ""routeIds"": [""route.0150""]}, {""catalog"": ""contracts/payload-contracts.json"", ""routeIds"": [""route.0141""]}, {""catalog"": ""contracts/payload-contracts.json"", ""routeIds"": [""route.0152""]}, {""catalog"": ""contracts/payload-contracts.json"", ""routeIds"": [""route.0142""]}, {""catalog"": ""contracts/payload-contracts.json"", ""routeIds"": [""route.0143""]}, {""catalog"": ""contracts/payload-contracts.json"", ""routeIds"": [""route.0148""]}, {""catalog"": ""contracts/payload-contracts.json"", ""routeIds"": [""route.0149""]}, {""catalog"": ""contracts/payload-contracts.json"", ""routeIds"": [""route.0144""]}, {""catalog"": ""contracts/payload-contracts.json"", ""routeIds"": [""route.0145""]}, {""catalog"": ""contracts/payload-contracts.json"", ""routeIds"": [""route.0167""]}, {""catalog"": ""contracts/payload-contracts.json"", ""routeIds"": [""route.0164""]}, {""catalog"": ""contracts/payload-contracts.json"", ""routeIds"": [""route.0160""]}, {""catalog"": ""contracts/payload-contracts.json"", ""routeIds"": [""route.0159""]}, {""catalog"": ""contracts/payload-contracts.json"", ""routeIds"": [""route.0166""]}, {""catalog"": ""contracts/payload-contracts.json"", ""routeIds"": [""route.0157""]}, {""catalog"": ""contracts/payload-contracts.json"", ""routeIds"": [""route.0162""]}, {""catalog"": ""contracts/payload-contracts.json"", ""routeIds"": [""route.0163""]}, {""catalog"": ""contracts/payload-contracts.json"", ""routeIds"": [""route.0156""]}, {""catalog"": ""contracts/payload-contracts.json"", ""routeIds"": [""route.0158""]}, {""catalog"": ""contracts/payload-contracts.json"", ""routeIds"": [""route.0165""]}, {""catalog"": ""contracts/payload-contracts.json"", ""routeIds"": [""route.0174""]}, {""catalog"": ""contracts/payload-contracts.json"", ""routeIds"": [""route.0173""]}, {""catalog"": ""contracts/payload-contracts.json"", ""routeIds"": [""route.0172""]}, {""catalog"": ""contracts/payload-contracts.json"", ""routeIds"": [""route.0170""]}, {""catalog"": ""contracts/payload-contracts.json"", ""routeIds"": [""route.0171""]}, {""catalog"": ""contracts/payload-contracts.json"", ""routeIds"": [""route.0186""]}, {""catalog"": ""contracts/payload-contracts.json"", ""routeIds"": [""route.0185""]}, {""catalog"": ""contracts/payload-contracts.json"", ""routeIds"": [""route.0187""]}, {""catalog"": ""contracts/payload-contracts.json"", ""routeIds"": [""route.0188""]}, {""catalog"": ""contracts/payload-contracts.json"", ""routeIds"": [""route.0505""]}, {""catalog"": ""contracts/payload-contracts.json"", ""routeIds"": [""route.0506""]}, {""catalog"": ""contracts/payload-contracts.json"", ""routeIds"": [""route.0508""]}, {""catalog"": ""contracts/payload-contracts.json"", ""routeIds"": [""route.0455""]}, {""catalog"": ""contracts/payload-contracts.json"", ""routeIds"": [""route.0063"", ""route.0263"", ""route.0451""]}, {""catalog"": ""contracts/payload-contracts.json"", ""routeIds"": [""route.0452""]}, {""catalog"": ""contracts/payload-contracts.json"", ""routeIds"": [""route.0453""]}, {""catalog"": ""contracts/payload-contracts.json"", ""routeIds"": [""route.0454""]}, ""closure/contracts/operation-payloads.json#/records/7/requestSchema"", {""catalog"": ""contracts/payload-contracts.json"", ""routeIds"": [""route.0500""]}, {""catalog"": ""contracts/payload-contracts.json"", ""routeIds"": [""route.0499""]}, {""catalog"": ""contracts/payload-contracts.json"", ""routeIds"": [""route.0498""]}, {""catalog"": ""contracts/payload-contracts.json"", ""routeIds"": [""route.0497""]}, {""catalog"": ""contracts/payload-contracts.json"", ""routeIds"": [""route.0496""]}, {""catalog"": ""contracts/payload-contracts.json"", ""routeIds"": [""route.0473""]}, {""catalog"": ""contracts/payload-contracts.json"", ""routeIds"": [""route.0472""]}, ""closure/contracts/operation-payloads.json#/records/11/requestSchema"", {""catalog"": ""contracts/payload-contracts.json"", ""routeIds"": [""route.0474""]}, {""catalog"": ""contracts/payload-contracts.json"", ""routeIds"": [""route.0031""]}, {""catalog"": ""contracts/payload-contracts.json"", ""routeIds"": [""route.0064"", ""route.0417""]}, {""catalog"": ""contracts/payload-contracts.json"", ""routeIds"": [""route.0030"", ""route.0419""]}, {""catalog"": ""contracts/payload-contracts.json"", ""routeIds"": [""route.0418""]}, {""catalog"": ""contracts/payload-contracts.json"", ""routeIds"": [""route.0033""]}, {""catalog"": ""contracts/payload-contracts.json"", ""routeIds"": [""route.0032""]}, {""catalog"": ""contracts/payload-contracts.json"", ""routeIds"": [""route.0420""]}, {""catalog"": ""contracts/payload-contracts.json"", ""routeIds"": [""route.0325""]}, {""catalog"": ""contracts/payload-contracts.json"", ""routeIds"": [""route.0331""]}, {""catalog"": ""contracts/payload-contracts.json"", ""routeIds"": [""route.0328""]}, {""catalog"": ""contracts/payload-contracts.json"", ""routeIds"": [""route.0327""]}, {""catalog"": ""contracts/payload-contracts.json"", ""routeIds"": [""route.0330""]}, {""catalog"": ""contracts/payload-contracts.json"", ""routeIds"": [""route.0269"", ""route.0310"", ""route.0326""]}, {""catalog"": ""contracts/payload-contracts.json"", ""routeIds"": [""route.0329""]}, {""catalog"": ""contracts/payload-contracts.json"", ""routeIds"": [""route.0294""]}, {""catalog"": ""contracts/payload-contracts.json"", ""routeIds"": [""route.0295""]}, {""catalog"": ""contracts/payload-contracts.json"", ""routeIds"": [""route.0296""]}, {""catalog"": ""contracts/payload-contracts.json"", ""routeIds"": [""route.0297""]}, {""catalog"": ""contracts/payload-contracts.json"", ""routeIds"": [""route.0292""]}, {""catalog"": ""contracts/payload-contracts.json"", ""routeIds"": [""route.0293""]}, null, {""catalog"": ""contracts/payload-contracts.json"", ""routeIds"": [""route.0308""]}, {""catalog"": ""contracts/payload-contracts.json"", ""routeIds"": [""route.0309""]}, {""catalog"": ""contracts/payload-contracts.json"", ""routeIds"": [""route.0356""]}, {""catalog"": ""contracts/payload-contracts.json"", ""routeIds"": [""route.0380""]}, {""catalog"": ""contracts/payload-contracts.json"", ""routeIds"": [""route.0381""]}, {""catalog"": ""contracts/payload-contracts.json"", ""routeIds"": [""route.0359""]}, {""catalog"": ""contracts/payload-contracts.json"", ""routeIds"": [""route.0358""]}, {""catalog"": ""contracts/payload-contracts.json"", ""routeIds"": [""route.0375""]}, {""catalog"": ""contracts/payload-contracts.json"", ""routeIds"": [""route.0348""]}, ""closure/contracts/operation-payloads.json#/records/2/requestSchema"", {""catalog"": ""contracts/payload-contracts.json"", ""routeIds"": [""route.0383""]}, {""catalog"": ""contracts/payload-contracts.json"", ""routeIds"": [""route.0382""]}, {""catalog"": ""contracts/payload-contracts.json"", ""routeIds"": [""route.0347""]}, {""catalog"": ""contracts/payload-contracts.json"", ""routeIds"": [""route.0350""]}, {""catalog"": ""contracts/payload-contracts.json"", ""routeIds"": [""route.0274"", ""route.0354""]}, {""catalog"": ""contracts/payload-contracts.json"", ""routeIds"": [""route.0349""]}, {""catalog"": ""contracts/payload-contracts.json"", ""routeIds"": [""route.0376""]}, {""catalog"": ""contracts/payload-contracts.json"", ""routeIds"": [""route.0377""]}, {""catalog"": ""contracts/payload-contracts.json"", ""routeIds"": [""route.0384""]}, {""catalog"": ""contracts/payload-contracts.json"", ""routeIds"": [""route.0351""]}, {""catalog"": ""contracts/payload-contracts.json"", ""routeIds"": [""route.0352""]}, {""catalog"": ""contracts/payload-contracts.json"", ""routeIds"": [""route.0353""]}, {""catalog"": ""contracts/payload-contracts.json"", ""routeIds"": [""route.0357""]}, {""catalog"": ""contracts/payload-contracts.json"", ""routeIds"": [""route.0275"", ""route.0367""]}, {""catalog"": ""contracts/payload-contracts.json"", ""routeIds"": [""route.0368""]}, {""catalog"": ""contracts/payload-contracts.json"", ""routeIds"": [""route.0369""]}, {""catalog"": ""contracts/payload-contracts.json"", ""routeIds"": [""route.0371""]}, {""catalog"": ""contracts/payload-contracts.json"", ""routeIds"": [""route.0361""]}, {""catalog"": ""contracts/payload-contracts.json"", ""routeIds"": [""route.0360""]}, {""catalog"": ""contracts/payload-contracts.json"", ""routeIds"": [""route.0362""]}, {""catalog"": ""contracts/payload-contracts.json"", ""routeIds"": [""route.0355""]}, {""schemaId"": ""urn:kcml:r9:operation:browser.bridge.assign:command""}, {""catalog"": ""contracts/payload-contracts.json"", ""routeIds"": [""route.0342""]}, {""catalog"": ""contracts/payload-contracts.json"", ""routeIds"": [""route.0339""]}, {""catalog"": ""contracts/payload-contracts.json"", ""routeIds"": [""route.0338""]}, {""catalog"": ""contracts/payload-contracts.json"", ""routeIds"": [""route.0343""]}, {""catalog"": ""contracts/payload-contracts.json"", ""routeIds"": [""route.0341""]}, {""schemaId"": ""urn:kcml:r9:operation:browser.bridge.release:command""}, {""catalog"": ""contracts/payload-contracts.json"", ""routeIds"": [""route.0346""]}, {""catalog"": ""contracts/payload-contracts.json"", ""routeIds"": [""route.0345""]}, {""catalog"": ""contracts/payload-contracts.json"", ""routeIds"": [""route.0344""]}, {""catalog"": ""contracts/payload-contracts.json"", ""routeIds"": [""route.0314"", ""route.0379""]}, {""schemaId"": ""urn:kcml:r9:operation:browser.cleanup.resume:command""}, {""catalog"": ""contracts/payload-contracts.json"", ""routeIds"": [""route.0271""]}, {""catalog"": ""contracts/payload-contracts.json"", ""routeIds"": [""route.0276"", ""route.0299"", ""route.0372""]}, {""catalog"": ""contracts/payload-contracts.json"", ""routeIds"": [""route.0298""]}, {""catalog"": ""contracts/payload-contracts.json"", ""routeIds"": [""route.0300"", ""route.0373""]}, {""catalog"": ""contracts/payload-contracts.json"", ""routeIds"": [""route.0374""]}, {""catalog"": ""contracts/payload-contracts.json"", ""routeIds"": [""route.0302""]}, {""catalog"": ""contracts/payload-contracts.json"", ""routeIds"": [""route.0312""]}, {""catalog"": ""contracts/payload-contracts.json"", ""routeIds"": [""route.0289""]}, {""catalog"": ""contracts/payload-contracts.json"", ""routeIds"": [""route.0321""]}, null, {""catalog"": ""contracts/payload-contracts.json"", ""routeIds"": [""route.0288""]}, {""catalog"": ""contracts/payload-contracts.json"", ""routeIds"": [""route.0290""]}, {""catalog"": ""contracts/payload-contracts.json"", ""routeIds"": [""route.0291""]}, {""catalog"": ""contracts/payload-contracts.json"", ""routeIds"": [""route.0270"", ""route.0303""]}, {""catalog"": ""contracts/payload-contracts.json"", ""routeIds"": [""route.0286""]}, {""catalog"": ""contracts/payload-contracts.json"", ""routeIds"": [""route.0287""]}, {""catalog"": ""contracts/payload-contracts.json"", ""routeIds"": [""route.0283""]}, {""catalog"": ""contracts/payload-contracts.json"", ""routeIds"": [""route.0284""]}, {""catalog"": ""contracts/payload-contracts.json"", ""routeIds"": [""route.0285""]}, {""catalog"": ""contracts/payload-contracts.json"", ""routeIds"": [""route.0313""]}, {""catalog"": ""contracts/payload-contracts.json"", ""routeIds"": [""route.0266"", ""route.0323""]}, {""schemaId"": ""urn:kcml:r9:operation:browser.preview.resync:command""}, {""catalog"": ""contracts/payload-contracts.json"", ""routeIds"": [""route.0322""]}, ""r11/contracts/r10-route-payloads.json#/records/6/requestSchema"", ""r11/contracts/r10-route-payloads.json#/records/3/requestSchema"", ""r11/contracts/r10-route-payloads.json#/records/2/requestSchema"", ""r11/contracts/r10-route-payloads.json#/records/5/requestSchema"", ""r11/contracts/r10-route-payloads.json#/records/1/requestSchema"", ""r11/contracts/r10-route-payloads.json#/records/4/requestSchema"", {""catalog"": ""contracts/payload-contracts.json"", ""routeIds"": [""route.0378""]}, {""schemaId"": ""urn:kcml:r9:operation:browser.runtimeBuild.verify:command""}, {""catalog"": ""contracts/payload-contracts.json"", ""routeIds"": [""route.0319""]}, {""catalog"": ""contracts/payload-contracts.json"", ""routeIds"": [""route.0267""]}, {""catalog"": ""contracts/payload-contracts.json"", ""routeIds"": [""route.0318""]}, {""catalog"": ""contracts/payload-contracts.json"", ""routeIds"": [""route.0265"", ""route.0279""]}, {""catalog"": ""contracts/payload-contracts.json"", ""routeIds"": [""route.0268"", ""route.0307""]}, {""catalog"": ""contracts/payload-contracts.json"", ""routeIds"": [""route.0282""]}, {""catalog"": ""contracts/payload-contracts.json"", ""routeIds"": [""route.0278""]}, {""catalog"": ""contracts/payload-contracts.json"", ""routeIds"": [""route.0315""]}, {""catalog"": ""contracts/payload-contracts.json"", ""routeIds"": [""route.0317""]}, {""catalog"": ""contracts/payload-contracts.json"", ""routeIds"": [""route.0316""]}, {""catalog"": ""contracts/payload-contracts.json"", ""routeIds"": [""route.0281""]}, {""catalog"": ""contracts/payload-contracts.json"", ""routeIds"": [""route.0264"", ""route.0280"", ""route.0370""]}, {""catalog"": ""contracts/payload-contracts.json"", ""routeIds"": [""route.0336""]}, {""catalog"": ""contracts/payload-contracts.json"", ""routeIds"": [""route.0311""]}, {""catalog"": ""contracts/payload-contracts.json"", ""routeIds"": [""route.0332"", ""route.0337""]}, {""catalog"": ""contracts/payload-contracts.json"", ""routeIds"": [""route.0335""]}, {""catalog"": ""contracts/payload-contracts.json"", ""routeIds"": [""route.0333""]}, {""catalog"": ""contracts/payload-contracts.json"", ""routeIds"": [""route.0334""]}, {""catalog"": ""contracts/payload-contracts.json"", ""routeIds"": [""route.0304""]}, {""catalog"": ""contracts/payload-contracts.json"", ""routeIds"": [""route.0305""]}, {""catalog"": ""contracts/payload-contracts.json"", ""routeIds"": [""route.0306""]}, {""catalog"": ""contracts/payload-contracts.json"", ""routeIds"": [""route.0366""]}, {""catalog"": ""contracts/payload-contracts.json"", ""routeIds"": [""route.0272""]}, {""catalog"": ""contracts/payload-contracts.json"", ""routeIds"": [""route.0364""]}, {""catalog"": ""contracts/payload-contracts.json"", ""routeIds"": [""route.0273"", ""route.0363""]}, {""catalog"": ""contracts/payload-contracts.json"", ""routeIds"": [""route.0365""]}, {""catalog"": ""contracts/payload-contracts.json"", ""routeIds"": [""route.0320""]}, {""catalog"": ""contracts/payload-contracts.json"", ""routeIds"": [""route.0199""]}, {""schemaId"": ""urn:kcml:r9:operation:chat.browser.control.acquire:command""}, {""catalog"": ""contracts/payload-contracts.json"", ""routeIds"": [""route.0277"", ""route.0301""]}, ""r11/contracts/r10-route-payloads.json#/records/0/requestSchema"", {""catalog"": ""contracts/payload-contracts.json"", ""routeIds"": [""route.0198""]}, {""catalog"": ""contracts/payload-contracts.json"", ""routeIds"": [""route.0197""]}, {""catalog"": ""contracts/payload-contracts.json"", ""routeIds"": [""route.0196""]}, {""schemaId"": ""urn:kcml:r9:operation:chat.browser.target.attach:command""}, {""schemaId"": ""urn:kcml:r9:operation:chat.command.execute:command""}, {""catalog"": ""contracts/payload-contracts.json"", ""routeIds"": [""route.0195""]}, {""catalog"": ""contracts/payload-contracts.json"", ""routeIds"": [""route.0190""]}, {""catalog"": ""contracts/payload-contracts.json"", ""routeIds"": [""route.0189""]}, {""catalog"": ""contracts/payload-contracts.json"", ""routeIds"": [""route.0191""]}, {""catalog"": ""contracts/payload-contracts.json"", ""routeIds"": [""route.0193""]}, {""catalog"": ""contracts/payload-contracts.json"", ""routeIds"": [""route.0192""]}, {""catalog"": ""contracts/payload-contracts.json"", ""routeIds"": [""route.0194""]}, ""closure/contracts/operation-payloads.json#/records/1/requestSchema"", {""catalog"": ""contracts/payload-contracts.json"", ""routeIds"": [""route.0050"", ""route.0076""]}, {""catalog"": ""contracts/payload-contracts.json"", ""routeIds"": [""route.0036""]}, {""catalog"": ""contracts/payload-contracts.json"", ""routeIds"": [""route.0035""]}, {""catalog"": ""contracts/payload-contracts.json"", ""routeIds"": [""route.0052"", ""route.0154""]}, {""catalog"": ""contracts/payload-contracts.json"", ""routeIds"": [""route.0059""]}, {""catalog"": ""contracts/payload-contracts.json"", ""routeIds"": [""route.0051"", ""route.0153""]}, ""closure/contracts/operation-payloads.json#/records/4/requestSchema"", {""catalog"": ""contracts/payload-contracts.json"", ""routeIds"": [""route.0061""]}, ""closure/contracts/operation-payloads.json#/records/3/requestSchema"", {""catalog"": ""contracts/payload-contracts.json"", ""routeIds"": [""route.0041"", ""route.0067""]}, {""catalog"": ""contracts/payload-contracts.json"", ""routeIds"": [""route.0044"", ""route.0070""]}, {""catalog"": ""contracts/payload-contracts.json"", ""routeIds"": [""route.0054""]}, {""catalog"": ""contracts/payload-contracts.json"", ""routeIds"": [""route.0043"", ""route.0069""]}, {""catalog"": ""contracts/payload-contracts.json"", ""routeIds"": [""route.0058""]}, {""catalog"": ""contracts/payload-contracts.json"", ""routeIds"": [""route.0042"", ""route.0068""]}, {""catalog"": ""contracts/payload-contracts.json"", ""routeIds"": [""route.0047"", ""route.0261""]}, {""catalog"": ""contracts/payload-contracts.json"", ""routeIds"": [""route.0057""]}, {""catalog"": ""contracts/payload-contracts.json"", ""routeIds"": [""route.0055""]}, ""closure/contracts/operation-payloads.json#/records/5/requestSchema"", {""catalog"": ""contracts/payload-contracts.json"", ""routeIds"": [""route.0045"", ""route.0071""]}, {""catalog"": ""contracts/payload-contracts.json"", ""routeIds"": [""route.0046"", ""route.0072""]}, {""catalog"": ""contracts/payload-contracts.json"", ""routeIds"": [""route.0073""]}, {""catalog"": ""contracts/payload-contracts.json"", ""routeIds"": [""route.0056""]}, {""catalog"": ""contracts/payload-contracts.json"", ""routeIds"": [""route.0060""]}, {""catalog"": ""contracts/payload-contracts.json"", ""routeIds"": [""route.0053""]}, {""catalog"": ""contracts/payload-contracts.json"", ""routeIds"": [""route.0034""]}, {""catalog"": ""contracts/payload-contracts.json"", ""routeIds"": [""route.0066""]}, {""catalog"": ""contracts/payload-contracts.json"", ""routeIds"": [""route.0048"", ""route.0074""]}, {""catalog"": ""contracts/payload-contracts.json"", ""routeIds"": [""route.0049"", ""route.0075""]}, {""catalog"": ""contracts/payload-contracts.json"", ""routeIds"": [""route.0465""]}, {""catalog"": ""contracts/payload-contracts.json"", ""routeIds"": [""route.0466""]}, {""catalog"": ""contracts/payload-contracts.json"", ""routeIds"": [""route.0467""]}, ""closure/contracts/operation-payloads.json#/records/8/requestSchema"", {""catalog"": ""contracts/payload-contracts.json"", ""routeIds"": [""route.0460""]}, {""catalog"": ""contracts/payload-contracts.json"", ""routeIds"": [""route.0461""]}, {""catalog"": ""contracts/payload-contracts.json"", ""routeIds"": [""route.0462""]}, {""catalog"": ""contracts/payload-contracts.json"", ""routeIds"": [""route.0463""]}, {""catalog"": ""contracts/payload-contracts.json"", ""routeIds"": [""route.0464""]}, {""catalog"": ""contracts/payload-contracts.json"", ""routeIds"": [""route.0028""]}, {""catalog"": ""contracts/payload-contracts.json"", ""routeIds"": [""route.0029""]}, {""catalog"": ""contracts/payload-contracts.json"", ""routeIds"": [""route.0027""]}, {""catalog"": ""contracts/payload-contracts.json"", ""routeIds"": [""route.0026""]}, {""catalog"": ""contracts/payload-contracts.json"", ""routeIds"": [""route.0471""]}, {""catalog"": ""contracts/payload-contracts.json"", ""routeIds"": [""route.0429""]}, {""catalog"": ""contracts/payload-contracts.json"", ""routeIds"": [""route.0428""]}, {""catalog"": ""contracts/payload-contracts.json"", ""routeIds"": [""route.0430""]}, {""catalog"": ""contracts/payload-contracts.json"", ""routeIds"": [""route.0427""]}, {""catalog"": ""contracts/payload-contracts.json"", ""routeIds"": [""route.0426""]}, ""closure/contracts/operation-payloads.json#/records/6/requestSchema"", {""catalog"": ""contracts/payload-contracts.json"", ""routeIds"": [""route.0434""]}, {""catalog"": ""contracts/payload-contracts.json"", ""routeIds"": [""route.0422""]}, {""catalog"": ""contracts/payload-contracts.json"", ""routeIds"": [""route.0421""]}, {""catalog"": ""contracts/payload-contracts.json"", ""routeIds"": [""route.0424""]}, {""catalog"": ""contracts/payload-contracts.json"", ""routeIds"": [""route.0423""]}, {""catalog"": ""contracts/payload-contracts.json"", ""routeIds"": [""route.0425""]}, {""catalog"": ""contracts/payload-contracts.json"", ""routeIds"": [""route.0432""]}, {""catalog"": ""contracts/payload-contracts.json"", ""routeIds"": [""route.0431""]}, {""catalog"": ""contracts/payload-contracts.json"", ""routeIds"": [""route.0433""]}, {""catalog"": ""contracts/payload-contracts.json"", ""routeIds"": [""route.0435""]}, {""catalog"": ""contracts/payload-contracts.json"", ""routeIds"": [""route.0436""]}, {""catalog"": ""contracts/payload-contracts.json"", ""routeIds"": [""route.0256""]}, {""catalog"": ""contracts/payload-contracts.json"", ""routeIds"": [""route.0250""]}, {""catalog"": ""contracts/payload-contracts.json"", ""routeIds"": [""route.0249""]}, {""catalog"": ""contracts/payload-contracts.json"", ""routeIds"": [""route.0235""]}, {""catalog"": ""contracts/payload-contracts.json"", ""routeIds"": [""route.0254""]}, {""catalog"": ""contracts/payload-contracts.json"", ""routeIds"": [""route.0255""]}, {""catalog"": ""contracts/payload-contracts.json"", ""routeIds"": [""route.0229""]}, {""catalog"": ""contracts/payload-contracts.json"", ""routeIds"": [""route.0228""]}, {""catalog"": ""contracts/payload-contracts.json"", ""routeIds"": [""route.0241""]}, {""catalog"": ""contracts/payload-contracts.json"", ""routeIds"": [""route.0248""]}, {""catalog"": ""contracts/payload-contracts.json"", ""routeIds"": [""route.0226""]}, {""catalog"": ""contracts/payload-contracts.json"", ""routeIds"": [""route.0257""]}, {""catalog"": ""contracts/payload-contracts.json"", ""routeIds"": [""route.0215""]}, {""catalog"": ""contracts/payload-contracts.json"", ""routeIds"": [""route.0222""]}, {""catalog"": ""contracts/payload-contracts.json"", ""routeIds"": [""route.0259""]}, {""catalog"": ""contracts/payload-contracts.json"", ""routeIds"": [""route.0216""]}, {""catalog"": ""contracts/payload-contracts.json"", ""routeIds"": [""route.0217""]}, {""catalog"": ""contracts/payload-contracts.json"", ""routeIds"": [""route.0260""]}, {""catalog"": ""contracts/payload-contracts.json"", ""routeIds"": [""route.0258""]}, {""catalog"": ""contracts/payload-contracts.json"", ""routeIds"": [""route.0218""]}, {""catalog"": ""contracts/payload-contracts.json"", ""routeIds"": [""route.0220""]}, {""catalog"": ""contracts/payload-contracts.json"", ""routeIds"": [""route.0219""]}, {""catalog"": ""contracts/payload-contracts.json"", ""routeIds"": [""route.0227""]}, {""catalog"": ""contracts/payload-contracts.json"", ""routeIds"": [""route.0239""]}, {""catalog"": ""contracts/payload-contracts.json"", ""routeIds"": [""route.0240""]}, {""catalog"": ""contracts/payload-contracts.json"", ""routeIds"": [""route.0236""]}, {""catalog"": ""contracts/payload-contracts.json"", ""routeIds"": [""route.0237""]}, {""catalog"": ""contracts/payload-contracts.json"", ""routeIds"": [""route.0238""]}, ""r11/contracts/r10-route-payloads.json#/records/7/requestSchema"", ""r11/contracts/r10-route-payloads.json#/records/8/requestSchema"", {""catalog"": ""contracts/payload-contracts.json"", ""routeIds"": [""route.0224""]}, {""catalog"": ""contracts/payload-contracts.json"", ""routeIds"": [""route.0223""]}, {""catalog"": ""contracts/payload-contracts.json"", ""routeIds"": [""route.0225""]}, {""catalog"": ""contracts/payload-contracts.json"", ""routeIds"": [""route.0234""]}, {""catalog"": ""contracts/payload-contracts.json"", ""routeIds"": [""route.0230""]}, {""catalog"": ""contracts/payload-contracts.json"", ""routeIds"": [""route.0233""]}, {""catalog"": ""contracts/payload-contracts.json"", ""routeIds"": [""route.0231""]}, {""catalog"": ""contracts/payload-contracts.json"", ""routeIds"": [""route.0232""]}, {""catalog"": ""contracts/payload-contracts.json"", ""routeIds"": [""route.0243""]}, {""schemaId"": ""urn:kcml:r9:operation:generation.turn.interrupt:command""}, {""catalog"": ""contracts/payload-contracts.json"", ""routeIds"": [""route.0221""]}, {""catalog"": ""contracts/payload-contracts.json"", ""routeIds"": [""route.0253""]}, {""catalog"": ""contracts/payload-contracts.json"", ""routeIds"": [""route.0251""]}, {""catalog"": ""contracts/payload-contracts.json"", ""routeIds"": [""route.0252""]}, {""catalog"": ""contracts/payload-contracts.json"", ""routeIds"": [""route.0246""]}, {""catalog"": ""contracts/payload-contracts.json"", ""routeIds"": [""route.0247""]}, {""catalog"": ""contracts/payload-contracts.json"", ""routeIds"": [""route.0244""]}, {""catalog"": ""contracts/payload-contracts.json"", ""routeIds"": [""route.0245""]}, {""catalog"": ""contracts/payload-contracts.json"", ""routeIds"": [""route.0458""]}, {""catalog"": ""contracts/payload-contracts.json"", ""routeIds"": [""route.0459""]}, {""catalog"": ""contracts/payload-contracts.json"", ""routeIds"": [""route.0062"", ""route.0262"", ""route.0456""]}, {""catalog"": ""contracts/payload-contracts.json"", ""routeIds"": [""route.0457""]}, {""catalog"": ""contracts/payload-contracts.json"", ""routeIds"": [""route.0476""]}, {""catalog"": ""contracts/payload-contracts.json"", ""routeIds"": [""route.0135""]}, {""catalog"": ""contracts/payload-contracts.json"", ""routeIds"": [""route.0133""]}, {""catalog"": ""contracts/payload-contracts.json"", ""routeIds"": [""route.0134""]}, {""catalog"": ""contracts/payload-contracts.json"", ""routeIds"": [""route.0136""]}, {""catalog"": ""contracts/payload-contracts.json"", ""routeIds"": [""route.0102""]}, {""catalog"": ""contracts/payload-contracts.json"", ""routeIds"": [""route.0100""]}, {""catalog"": ""contracts/payload-contracts.json"", ""routeIds"": [""route.0103""]}, {""catalog"": ""contracts/payload-contracts.json"", ""routeIds"": [""route.0101""]}, {""catalog"": ""contracts/payload-contracts.json"", ""routeIds"": [""route.0131""]}, {""catalog"": ""contracts/payload-contracts.json"", ""routeIds"": [""route.0132""]}, {""catalog"": ""contracts/payload-contracts.json"", ""routeIds"": [""route.0127""]}, {""catalog"": ""contracts/payload-contracts.json"", ""routeIds"": [""route.0128""]}, {""catalog"": ""contracts/payload-contracts.json"", ""routeIds"": [""route.0129""]}, {""catalog"": ""contracts/payload-contracts.json"", ""routeIds"": [""route.0130""]}, {""catalog"": ""contracts/payload-contracts.json"", ""routeIds"": [""route.0125""]}, {""catalog"": ""contracts/payload-contracts.json"", ""routeIds"": [""route.0121""]}, {""catalog"": ""contracts/payload-contracts.json"", ""routeIds"": [""route.0123""]}, {""catalog"": ""contracts/payload-contracts.json"", ""routeIds"": [""route.0122""]}, {""catalog"": ""contracts/payload-contracts.json"", ""routeIds"": [""route.0124""]}, {""catalog"": ""contracts/payload-contracts.json"", ""routeIds"": [""route.0126""]}, {""catalog"": ""contracts/payload-contracts.json"", ""routeIds"": [""route.0077""]}, {""schemaId"": ""urn:kcml:r9:operation:mcp.contract.validate:command""}, {""catalog"": ""contracts/payload-contracts.json"", ""routeIds"": [""route.0079""]}, {""catalog"": ""contracts/payload-contracts.json"", ""routeIds"": [""route.0081""]}, {""catalog"": ""contracts/payload-contracts.json"", ""routeIds"": [""route.0078""]}, {""catalog"": ""contracts/payload-contracts.json"", ""routeIds"": [""route.0080""]}, {""catalog"": ""contracts/payload-contracts.json"", ""routeIds"": [""route.0083""]}, {""catalog"": ""contracts/payload-contracts.json"", ""routeIds"": [""route.0108""]}, {""catalog"": ""contracts/payload-contracts.json"", ""routeIds"": [""route.0106""]}, {""catalog"": ""contracts/payload-contracts.json"", ""routeIds"": [""route.0107""]}, {""catalog"": ""contracts/payload-contracts.json"", ""routeIds"": [""route.0082""]}, {""catalog"": ""contracts/payload-contracts.json"", ""routeIds"": [""route.0097""]}, {""catalog"": ""contracts/payload-contracts.json"", ""routeIds"": [""route.0099""]}, {""catalog"": ""contracts/payload-contracts.json"", ""routeIds"": [""route.0098""]}, {""catalog"": ""contracts/payload-contracts.json"", ""routeIds"": [""route.0115""]}, {""catalog"": ""contracts/payload-contracts.json"", ""routeIds"": [""route.0113""]}, {""catalog"": ""contracts/payload-contracts.json"", ""routeIds"": [""route.0114""]}, {""catalog"": ""contracts/payload-contracts.json"", ""routeIds"": [""route.0111""]}, {""catalog"": ""contracts/payload-contracts.json"", ""routeIds"": [""route.0109""]}, {""catalog"": ""contracts/payload-contracts.json"", ""routeIds"": [""route.0112""]}, {""catalog"": ""contracts/payload-contracts.json"", ""routeIds"": [""route.0110""]}, {""catalog"": ""contracts/payload-contracts.json"", ""routeIds"": [""route.0120""]}, {""catalog"": ""contracts/payload-contracts.json"", ""routeIds"": [""route.0116""]}, {""catalog"": ""contracts/payload-contracts.json"", ""routeIds"": [""route.0104""]}, {""catalog"": ""contracts/payload-contracts.json"", ""routeIds"": [""route.0105""]}, {""catalog"": ""contracts/payload-contracts.json"", ""routeIds"": [""route.0085"", ""route.0086"", ""route.0087"", ""route.0088"", ""route.0089"", ""route.0090"", ""route.0091"", ""route.0092"", ""route.0093"", ""route.0094"", ""route.0095"", ""route.0096""]}, {""catalog"": ""contracts/payload-contracts.json"", ""routeIds"": [""route.0445""]}, {""catalog"": ""contracts/payload-contracts.json"", ""routeIds"": [""route.0447""]}, {""catalog"": ""contracts/payload-contracts.json"", ""routeIds"": [""route.0448""]}, {""catalog"": ""contracts/payload-contracts.json"", ""routeIds"": [""route.0443""]}, {""catalog"": ""contracts/payload-contracts.json"", ""routeIds"": [""route.0444""]}, {""catalog"": ""contracts/payload-contracts.json"", ""routeIds"": [""route.0446""]}, {""catalog"": ""contracts/payload-contracts.json"", ""routeIds"": [""route.0449""]}, {""catalog"": ""contracts/payload-contracts.json"", ""routeIds"": [""route.0437""]}, {""catalog"": ""contracts/payload-contracts.json"", ""routeIds"": [""route.0438""]}, {""catalog"": ""contracts/payload-contracts.json"", ""routeIds"": [""route.0442""]}, {""catalog"": ""contracts/payload-contracts.json"", ""routeIds"": [""route.0440""]}, {""catalog"": ""contracts/payload-contracts.json"", ""routeIds"": [""route.0441""]}, {""catalog"": ""contracts/payload-contracts.json"", ""routeIds"": [""route.0439""]}, {""catalog"": ""contracts/payload-contracts.json"", ""routeIds"": [""route.0207""]}, {""catalog"": ""contracts/payload-contracts.json"", ""routeIds"": [""route.0206""]}, {""catalog"": ""contracts/payload-contracts.json"", ""routeIds"": [""route.0203""]}, {""catalog"": ""contracts/payload-contracts.json"", ""routeIds"": [""route.0200"", ""route.0242""]}, {""catalog"": ""contracts/payload-contracts.json"", ""routeIds"": [""route.0204""]}, {""catalog"": ""contracts/payload-contracts.json"", ""routeIds"": [""route.0201""]}, {""catalog"": ""contracts/payload-contracts.json"", ""routeIds"": [""route.0211""]}, {""catalog"": ""contracts/payload-contracts.json"", ""routeIds"": [""route.0210""]}, {""catalog"": ""contracts/payload-contracts.json"", ""routeIds"": [""route.0202""]}, {""catalog"": ""contracts/payload-contracts.json"", ""routeIds"": [""route.0209""]}, {""catalog"": ""contracts/payload-contracts.json"", ""routeIds"": [""route.0208""]}, {""catalog"": ""contracts/payload-contracts.json"", ""routeIds"": [""route.0205""]}, {""catalog"": ""contracts/payload-contracts.json"", ""routeIds"": [""route.0212""]}, {""catalog"": ""contracts/payload-contracts.json"", ""routeIds"": [""route.0213""]}, {""catalog"": ""contracts/payload-contracts.json"", ""routeIds"": [""route.0214""]}, {""catalog"": ""contracts/payload-contracts.json"", ""routeIds"": [""route.0006""]}, {""catalog"": ""contracts/payload-contracts.json"", ""routeIds"": [""route.0007""]}, {""catalog"": ""contracts/payload-contracts.json"", ""routeIds"": [""route.0010""]}, {""catalog"": ""contracts/payload-contracts.json"", ""routeIds"": [""route.0015""]}, ""closure/contracts/operation-payloads.json#/records/0/requestSchema"", {""catalog"": ""contracts/payload-contracts.json"", ""routeIds"": [""route.0016""]}, {""catalog"": ""contracts/payload-contracts.json"", ""routeIds"": [""route.0017""]}, {""catalog"": ""contracts/payload-contracts.json"", ""routeIds"": [""route.0014""]}, {""catalog"": ""contracts/payload-contracts.json"", ""routeIds"": [""route.0012""]}, {""catalog"": ""contracts/payload-contracts.json"", ""routeIds"": [""route.0018""]}, {""catalog"": ""contracts/payload-contracts.json"", ""routeIds"": [""route.0013""]}, {""catalog"": ""contracts/payload-contracts.json"", ""routeIds"": [""route.0019""]}, {""catalog"": ""contracts/payload-contracts.json"", ""routeIds"": [""route.0021""]}, {""catalog"": ""contracts/payload-contracts.json"", ""routeIds"": [""route.0020""]}, {""catalog"": ""contracts/payload-contracts.json"", ""routeIds"": [""route.0022""]}, {""catalog"": ""contracts/payload-contracts.json"", ""routeIds"": [""route.0023""]}, {""catalog"": ""contracts/payload-contracts.json"", ""routeIds"": [""route.0024""]}, {""catalog"": ""contracts/payload-contracts.json"", ""routeIds"": [""route.0011""]}, {""catalog"": ""contracts/payload-contracts.json"", ""routeIds"": [""route.0025""]}, {""catalog"": ""contracts/payload-contracts.json"", ""routeIds"": [""route.0504""]}, {""catalog"": ""contracts/payload-contracts.json"", ""routeIds"": [""route.0503""]}, {""catalog"": ""contracts/payload-contracts.json"", ""routeIds"": [""route.0501""]}, ""closure/contracts/operation-payloads.json#/records/10/requestSchema"", {""catalog"": ""contracts/payload-contracts.json"", ""routeIds"": [""route.0468""]}, {""catalog"": ""contracts/payload-contracts.json"", ""routeIds"": [""route.0469""]}, {""catalog"": ""contracts/payload-contracts.json"", ""routeIds"": [""route.0470""]}, {""catalog"": ""contracts/payload-contracts.json"", ""routeIds"": [""route.0416""]}, {""catalog"": ""contracts/payload-contracts.json"", ""routeIds"": [""route.0415""]}, {""catalog"": ""contracts/payload-contracts.json"", ""routeIds"": [""route.0409""]}, {""catalog"": ""contracts/payload-contracts.json"", ""routeIds"": [""route.0411""]}, {""schemaId"": ""urn:kcml:r9:operation:runtime.connection.inspect:command""}, {""catalog"": ""contracts/payload-contracts.json"", ""routeIds"": [""route.0408""]}, {""catalog"": ""contracts/payload-contracts.json"", ""routeIds"": [""route.0412""]}, {""catalog"": ""contracts/payload-contracts.json"", ""routeIds"": [""route.0403""]}, {""catalog"": ""contracts/payload-contracts.json"", ""routeIds"": [""route.0404""]}, {""catalog"": ""contracts/payload-contracts.json"", ""routeIds"": [""route.0405""]}, {""catalog"": ""contracts/payload-contracts.json"", ""routeIds"": [""route.0406""]}, {""catalog"": ""contracts/payload-contracts.json"", ""routeIds"": [""route.0414""]}, {""catalog"": ""contracts/payload-contracts.json"", ""routeIds"": [""route.0413""]}, {""catalog"": ""contracts/payload-contracts.json"", ""routeIds"": [""route.0407""]}, {""catalog"": ""contracts/payload-contracts.json"", ""routeIds"": [""route.0410""]}, {""catalog"": ""contracts/payload-contracts.json"", ""routeIds"": [""route.0450""]}, {""catalog"": ""contracts/payload-contracts.json"", ""routeIds"": [""route.0037"", ""route.0396""]}, {""catalog"": ""contracts/payload-contracts.json"", ""routeIds"": [""route.0040""]}, {""catalog"": ""contracts/payload-contracts.json"", ""routeIds"": [""route.0039""]}, {""catalog"": ""contracts/payload-contracts.json"", ""routeIds"": [""route.0065"", ""route.0395""]}, {""catalog"": ""contracts/payload-contracts.json"", ""routeIds"": [""route.0386""]}, {""catalog"": ""contracts/payload-contracts.json"", ""routeIds"": [""route.0389""]}, {""catalog"": ""contracts/payload-contracts.json"", ""routeIds"": [""route.0402""]}, {""catalog"": ""contracts/payload-contracts.json"", ""routeIds"": [""route.0401""]}, {""catalog"": ""contracts/payload-contracts.json"", ""routeIds"": [""route.0385""]}, {""catalog"": ""contracts/payload-contracts.json"", ""routeIds"": [""route.0388""]}, {""catalog"": ""contracts/payload-contracts.json"", ""routeIds"": [""route.0387""]}, {""catalog"": ""contracts/payload-contracts.json"", ""routeIds"": [""route.0400""]}, {""catalog"": ""contracts/payload-contracts.json"", ""routeIds"": [""route.0399""]}, {""catalog"": ""contracts/payload-contracts.json"", ""routeIds"": [""route.0394""]}, {""catalog"": ""contracts/payload-contracts.json"", ""routeIds"": [""route.0038"", ""route.0397""]}, {""catalog"": ""contracts/payload-contracts.json"", ""routeIds"": [""route.0398""]}, {""catalog"": ""contracts/payload-contracts.json"", ""routeIds"": [""route.0502""]}, {""catalog"": ""contracts/payload-contracts.json"", ""routeIds"": [""route.0390""]}, {""catalog"": ""contracts/payload-contracts.json"", ""routeIds"": [""route.0393""]}, {""catalog"": ""contracts/payload-contracts.json"", ""routeIds"": [""route.0391""]}, {""catalog"": ""contracts/payload-contracts.json"", ""routeIds"": [""route.0392""]}, {""catalog"": ""contracts/payload-contracts.json"", ""routeIds"": [""route.0480""]}, ""closure/contracts/operation-payloads.json#/records/9/requestSchema"", {""catalog"": ""contracts/payload-contracts.json"", ""routeIds"": [""route.0488""]}, {""catalog"": ""contracts/payload-contracts.json"", ""routeIds"": [""route.0481""]}, {""catalog"": ""contracts/payload-contracts.json"", ""routeIds"": [""route.0482""]}, {""schemaId"": ""urn:kcml:r9:operation:selfTest.registeredElement.run:command""}, {""catalog"": ""contracts/payload-contracts.json"", ""routeIds"": [""route.0491""]}, {""catalog"": ""contracts/payload-contracts.json"", ""routeIds"": [""route.0492""]}, {""catalog"": ""contracts/payload-contracts.json"", ""routeIds"": [""route.0486""]}, {""catalog"": ""contracts/payload-contracts.json"", ""routeIds"": [""route.0487""]}, {""catalog"": ""contracts/payload-contracts.json"", ""routeIds"": [""route.0484""]}, {""catalog"": ""contracts/payload-contracts.json"", ""routeIds"": [""route.0489""]}, {""catalog"": ""contracts/payload-contracts.json"", ""routeIds"": [""route.0490""]}, {""catalog"": ""contracts/payload-contracts.json"", ""routeIds"": [""route.0483"", ""route.0507""]}, {""catalog"": ""contracts/payload-contracts.json"", ""routeIds"": [""route.0485""]}, {""catalog"": ""contracts/payload-contracts.json"", ""routeIds"": [""route.0493""]}, {""catalog"": ""contracts/payload-contracts.json"", ""routeIds"": [""route.0495""]}, {""catalog"": ""contracts/payload-contracts.json"", ""routeIds"": [""route.0477""]}, {""catalog"": ""contracts/payload-contracts.json"", ""routeIds"": [""route.0478""]}, {""catalog"": ""contracts/payload-contracts.json"", ""routeIds"": [""route.0494""]}, {""catalog"": ""contracts/payload-contracts.json"", ""routeIds"": [""route.0479""]}]","{""acceptance.run.cancel"": ""Every admission, transition, child reservation, outcome and manual-review decision records logicalOperationId, correlationId, actor/channel and before/after digests."", ""acceptance.run.list"": [""OPERATION_ADMITTED"", ""OPERATION_STATE_CHANGED"", ""OPERATION_TERMINAL""], ""acceptance.run.start"": ""Every admission, transition, child reservation, outcome and manual-review decision records logicalOperationId, correlationId, actor/channel and before/after digests."", ""agent.approval.approve"": [""OPERATION_ADMITTED"", ""OPERATION_STATE_CHANGED"", ""OPERATION_TERMINAL""], ""agent.approval.reject"": [""OPERATION_ADMITTED"", ""OPERATION_STATE_CHANGED"", ""OPERATION_TERMINAL""], ""agent.definition.create"": [""OPERATION_ADMITTED"", ""OPERATION_STATE_CHANGED"", ""OPERATION_TERMINAL""], ""agent.definition.list"": [""OPERATION_ADMITTED"", ""OPERATION_STATE_CHANGED"", ""OPERATION_TERMINAL""], ""agent.definition.patch"": [""OPERATION_ADMITTED"", ""OPERATION_STATE_CHANGED"", ""OPERATION_TERMINAL""], ""agent.definition.read"": [""OPERATION_ADMITTED"", ""OPERATION_STATE_CHANGED"", ""OPERATION_TERMINAL""], ""agent.eval.start"": [""OPERATION_ADMITTED"", ""OPERATION_STATE_CHANGED"", ""OPERATION_TERMINAL""], ""agent.evalRun.cases.read"": [""OPERATION_ADMITTED"", ""OPERATION_STATE_CHANGED"", ""OPERATION_TERMINAL""], ""agent.evalRun.read"": [""OPERATION_ADMITTED"", ""OPERATION_STATE_CHANGED"", ""OPERATION_TERMINAL""], ""agent.evalSuite.create"": [""OPERATION_ADMITTED"", ""OPERATION_STATE_CHANGED"", ""OPERATION_TERMINAL""], ""agent.evalSuite.list"": [""OPERATION_ADMITTED"", ""OPERATION_STATE_CHANGED"", ""OPERATION_TERMINAL""], ""agent.evalSuite.read"": [""OPERATION_ADMITTED"", ""OPERATION_STATE_CHANGED"", ""OPERATION_TERMINAL""], ""agent.memory.item.remove"": [""OPERATION_ADMITTED"", ""OPERATION_STATE_CHANGED"", ""OPERATION_TERMINAL""], ""agent.memory.read"": [""OPERATION_ADMITTED"", ""OPERATION_STATE_CHANGED"", ""OPERATION_TERMINAL""], ""agent.memory.write"": [""OPERATION_ADMITTED"", ""OPERATION_STATE_CHANGED"", ""OPERATION_TERMINAL""], ""agent.message.append"": [""OPERATION_ADMITTED"", ""OPERATION_STATE_CHANGED"", ""OPERATION_TERMINAL""], ""agent.repair.request"": [""OPERATION_ADMITTED"", ""OPERATION_STATE_CHANGED"", ""OPERATION_TERMINAL""], ""agent.revision.activate"": [""OPERATION_ADMITTED"", ""OPERATION_STATE_CHANGED"", ""OPERATION_TERMINAL""], ""agent.revision.compatibility"": [""OPERATION_ADMITTED"", ""OPERATION_STATE_CHANGED"", ""OPERATION_TERMINAL""], ""agent.revision.guardrail.list"": [""OPERATION_ADMITTED"", ""OPERATION_STATE_CHANGED"", ""OPERATION_TERMINAL""], ""agent.revision.handoff.list"": [""OPERATION_ADMITTED"", ""OPERATION_STATE_CHANGED"", ""OPERATION_TERMINAL""], ""agent.revision.list"": [""OPERATION_ADMITTED"", ""OPERATION_STATE_CHANGED"", ""OPERATION_TERMINAL""], ""agent.revision.promotionGate.list"": [""OPERATION_ADMITTED"", ""OPERATION_STATE_CHANGED"", ""OPERATION_TERMINAL""], ""agent.revision.publish"": [""OPERATION_ADMITTED"", ""OPERATION_STATE_CHANGED"", ""OPERATION_TERMINAL""], ""agent.revision.read"": [""OPERATION_ADMITTED"", ""OPERATION_STATE_CHANGED"", ""OPERATION_TERMINAL""], ""agent.revision.toolBinding.list"": [""OPERATION_ADMITTED"", ""OPERATION_STATE_CHANGED"", ""OPERATION_TERMINAL""], ""agent.revision.toolBinding.preview"": [""OPERATION_ADMITTED"", ""OPERATION_STATE_CHANGED"", ""OPERATION_TERMINAL""], ""agent.revision.validate"": [""OPERATION_ADMITTED"", ""OPERATION_STATE_CHANGED"", ""OPERATION_TERMINAL""], ""agent.revision.verify"": [""OPERATION_ADMITTED"", ""OPERATION_STATE_CHANGED"", ""OPERATION_TERMINAL""], ""agent.run.approval.list"": [""OPERATION_ADMITTED"", ""OPERATION_STATE_CHANGED"", ""OPERATION_TERMINAL""], ""agent.run.cancel"": [""OPERATION_ADMITTED"", ""OPERATION_STATE_CHANGED"", ""OPERATION_TERMINAL""], ""agent.run.checkpoint.list"": [""OPERATION_ADMITTED"", ""OPERATION_STATE_CHANGED"", ""OPERATION_TERMINAL""], ""agent.run.events.read"": [""OPERATION_ADMITTED"", ""OPERATION_STATE_CHANGED"", ""OPERATION_TERMINAL""], ""agent.run.handoff.list"": [""OPERATION_ADMITTED"", ""OPERATION_STATE_CHANGED"", ""OPERATION_TERMINAL""], ""agent.run.list"": [""OPERATION_ADMITTED"", ""OPERATION_STATE_CHANGED"", ""OPERATION_TERMINAL""], ""agent.run.pause"": [""OPERATION_ADMITTED"", ""OPERATION_STATE_CHANGED"", ""OPERATION_TERMINAL""], ""agent.run.resume"": [""OPERATION_ADMITTED"", ""OPERATION_STATE_CHANGED"", ""OPERATION_TERMINAL""], ""agent.run.start"": [""OPERATION_ADMITTED"", ""OPERATION_STATE_CHANGED"", ""OPERATION_TERMINAL""], ""agent.run.status"": [""OPERATION_ADMITTED"", ""OPERATION_STATE_CHANGED"", ""OPERATION_TERMINAL""], ""agent.run.toolCall.list"": [""OPERATION_ADMITTED"", ""OPERATION_STATE_CHANGED"", ""OPERATION_TERMINAL""], ""agent.session.close"": [""OPERATION_ADMITTED"", ""OPERATION_STATE_CHANGED"", ""OPERATION_TERMINAL""], ""agent.session.compact"": [""OPERATION_ADMITTED"", ""OPERATION_STATE_CHANGED"", ""OPERATION_TERMINAL""], ""agent.session.items.read"": [""OPERATION_ADMITTED"", ""OPERATION_STATE_CHANGED"", ""OPERATION_TERMINAL""], ""agent.session.list"": [""OPERATION_ADMITTED"", ""OPERATION_STATE_CHANGED"", ""OPERATION_TERMINAL""], ""agent.session.read"": [""OPERATION_ADMITTED"", ""OPERATION_STATE_CHANGED"", ""OPERATION_TERMINAL""], ""agent.trigger.create"": [""OPERATION_ADMITTED"", ""OPERATION_STATE_CHANGED"", ""OPERATION_TERMINAL""], ""agent.trigger.list"": [""OPERATION_ADMITTED"", ""OPERATION_STATE_CHANGED"", ""OPERATION_TERMINAL""], ""agent.trigger.patch"": [""OPERATION_ADMITTED"", ""OPERATION_STATE_CHANGED"", ""OPERATION_TERMINAL""], ""agent.trigger.remove"": [""OPERATION_ADMITTED"", ""OPERATION_STATE_CHANGED"", ""OPERATION_TERMINAL""], ""agentic.security.event.list"": [""OPERATION_ADMITTED"", ""OPERATION_STATE_CHANGED"", ""OPERATION_TERMINAL""], ""agentic.security.event.read"": [""OPERATION_ADMITTED"", ""OPERATION_STATE_CHANGED"", ""OPERATION_TERMINAL""], ""agentic.security.evidence.export"": [""OPERATION_ADMITTED"", ""OPERATION_STATE_CHANGED"", ""OPERATION_TERMINAL""], ""audit.archive.list"": [""OPERATION_ADMITTED"", ""OPERATION_STATE_CHANGED"", ""OPERATION_TERMINAL""], ""audit.event.list"": [""OPERATION_ADMITTED"", ""OPERATION_STATE_CHANGED"", ""OPERATION_TERMINAL""], ""audit.event.read"": [""OPERATION_ADMITTED"", ""OPERATION_STATE_CHANGED"", ""OPERATION_TERMINAL""], ""audit.integrity.read"": [""OPERATION_ADMITTED"", ""OPERATION_STATE_CHANGED"", ""OPERATION_TERMINAL""], ""audit.integrity.verify"": [""OPERATION_ADMITTED"", ""OPERATION_STATE_CHANGED"", ""OPERATION_TERMINAL""], ""audit.savedQuery.create"": ""Every admission, transition, child reservation, outcome and manual-review decision records logicalOperationId, correlationId, actor/channel and before/after digests."", ""authority.actionPlan.list"": [""OPERATION_ADMITTED"", ""OPERATION_STATE_CHANGED"", ""OPERATION_TERMINAL""], ""authority.context.read"": [""OPERATION_ADMITTED"", ""OPERATION_STATE_CHANGED"", ""OPERATION_TERMINAL""], ""authority.intent.read"": [""OPERATION_ADMITTED"", ""OPERATION_STATE_CHANGED"", ""OPERATION_TERMINAL""], ""authority.lineage.graph"": [""OPERATION_ADMITTED"", ""OPERATION_STATE_CHANGED"", ""OPERATION_TERMINAL""], ""authority.lineage.resolve"": [""OPERATION_ADMITTED"", ""OPERATION_STATE_CHANGED"", ""OPERATION_TERMINAL""], ""backup.create"": [""OPERATION_ADMITTED"", ""OPERATION_STATE_CHANGED"", ""OPERATION_TERMINAL""], ""backup.list"": [""OPERATION_ADMITTED"", ""OPERATION_STATE_CHANGED"", ""OPERATION_TERMINAL""], ""backup.restore"": ""Every admission, transition, child reservation, outcome and manual-review decision records logicalOperationId, correlationId, actor/channel and before/after digests."", ""backup.verify"": [""OPERATION_ADMITTED"", ""OPERATION_STATE_CHANGED"", ""OPERATION_TERMINAL""], ""binding.create"": [""OPERATION_ADMITTED"", ""OPERATION_STATE_CHANGED"", ""OPERATION_TERMINAL""], ""binding.list"": [""OPERATION_ADMITTED"", ""OPERATION_STATE_CHANGED"", ""OPERATION_TERMINAL""], ""binding.preview"": [""OPERATION_ADMITTED"", ""OPERATION_STATE_CHANGED"", ""OPERATION_TERMINAL""], ""binding.read"": [""OPERATION_ADMITTED"", ""OPERATION_STATE_CHANGED"", ""OPERATION_TERMINAL""], ""binding.remove"": [""OPERATION_ADMITTED"", ""OPERATION_STATE_CHANGED"", ""OPERATION_TERMINAL""], ""binding.replace"": [""OPERATION_ADMITTED"", ""OPERATION_STATE_CHANGED"", ""OPERATION_TERMINAL""], ""binding.test"": [""OPERATION_ADMITTED"", ""OPERATION_STATE_CHANGED"", ""OPERATION_TERMINAL""], ""browser.account.list"": [""OPERATION_ADMITTED"", ""OPERATION_STATE_CHANGED"", ""OPERATION_TERMINAL""], ""browser.account.logout"": [""OPERATION_ADMITTED"", ""OPERATION_STATE_CHANGED"", ""OPERATION_TERMINAL""], ""browser.account.metadata.patch"": [""OPERATION_ADMITTED"", ""OPERATION_STATE_CHANGED"", ""OPERATION_TERMINAL""], ""browser.account.read"": [""OPERATION_ADMITTED"", ""OPERATION_STATE_CHANGED"", ""OPERATION_TERMINAL""], ""browser.account.reauthenticate"": [""OPERATION_ADMITTED"", ""OPERATION_STATE_CHANGED"", ""OPERATION_TERMINAL""], ""browser.account.save"": [""OPERATION_ADMITTED"", ""OPERATION_STATE_CHANGED"", ""OPERATION_TERMINAL""], ""browser.account.verify"": [""OPERATION_ADMITTED"", ""OPERATION_STATE_CHANGED"", ""OPERATION_TERMINAL""], ""browser.action.attempt.list"": [""OPERATION_ADMITTED"", ""OPERATION_STATE_CHANGED"", ""OPERATION_TERMINAL""], ""browser.action.cancel"": [""OPERATION_ADMITTED"", ""OPERATION_STATE_CHANGED"", ""OPERATION_TERMINAL""], ""browser.action.reconcile"": [""OPERATION_ADMITTED"", ""OPERATION_STATE_CHANGED"", ""OPERATION_TERMINAL""], ""browser.action.resolveOutcome"": [""OPERATION_ADMITTED"", ""OPERATION_STATE_CHANGED"", ""OPERATION_TERMINAL""], ""browser.action.start"": [""OPERATION_ADMITTED"", ""OPERATION_STATE_CHANGED"", ""OPERATION_TERMINAL""], ""browser.action.status"": [""OPERATION_ADMITTED"", ""OPERATION_STATE_CHANGED"", ""OPERATION_TERMINAL""], ""browser.annotation.create"": null, ""browser.auth.verify"": [""OPERATION_ADMITTED"", ""OPERATION_STATE_CHANGED"", ""OPERATION_TERMINAL""], ""browser.authAttempt.list"": [""OPERATION_ADMITTED"", ""OPERATION_STATE_CHANGED"", ""OPERATION_TERMINAL""], ""browser.automation.activate"": [""OPERATION_ADMITTED"", ""OPERATION_STATE_CHANGED"", ""OPERATION_TERMINAL""], ""browser.automation.artifact.list"": [""OPERATION_ADMITTED"", ""OPERATION_STATE_CHANGED"", ""OPERATION_TERMINAL""], ""browser.automation.artifact.read"": [""OPERATION_ADMITTED"", ""OPERATION_STATE_CHANGED"", ""OPERATION_TERMINAL""], ""browser.automation.authBinding.create"": [""OPERATION_ADMITTED"", ""OPERATION_STATE_CHANGED"", ""OPERATION_TERMINAL""], ""browser.automation.authBinding.list"": [""OPERATION_ADMITTED"", ""OPERATION_STATE_CHANGED"", ""OPERATION_TERMINAL""], ""browser.automation.cancel"": [""OPERATION_ADMITTED"", ""OPERATION_STATE_CHANGED"", ""OPERATION_TERMINAL""], ""browser.automation.create"": [""OPERATION_ADMITTED"", ""OPERATION_STATE_CHANGED"", ""OPERATION_TERMINAL""], ""browser.automation.createFromTeaching"": ""Every admission, transition, child reservation, outcome and manual-review decision records logicalOperationId, correlationId, actor/channel and before/after digests."", ""browser.automation.disable"": [""OPERATION_ADMITTED"", ""OPERATION_STATE_CHANGED"", ""OPERATION_TERMINAL""], ""browser.automation.enable"": [""OPERATION_ADMITTED"", ""OPERATION_STATE_CHANGED"", ""OPERATION_TERMINAL""], ""browser.automation.list"": [""OPERATION_ADMITTED"", ""OPERATION_STATE_CHANGED"", ""OPERATION_TERMINAL""], ""browser.automation.metadata.patch"": [""OPERATION_ADMITTED"", ""OPERATION_STATE_CHANGED"", ""OPERATION_TERMINAL""], ""browser.automation.preflight"": [""OPERATION_ADMITTED"", ""OPERATION_STATE_CHANGED"", ""OPERATION_TERMINAL""], ""browser.automation.read"": [""OPERATION_ADMITTED"", ""OPERATION_STATE_CHANGED"", ""OPERATION_TERMINAL""], ""browser.automation.reauthenticate"": [""OPERATION_ADMITTED"", ""OPERATION_STATE_CHANGED"", ""OPERATION_TERMINAL""], ""browser.automation.reconcile"": [""OPERATION_ADMITTED"", ""OPERATION_STATE_CHANGED"", ""OPERATION_TERMINAL""], ""browser.automation.repair"": [""OPERATION_ADMITTED"", ""OPERATION_STATE_CHANGED"", ""OPERATION_TERMINAL""], ""browser.automation.revision.list"": [""OPERATION_ADMITTED"", ""OPERATION_STATE_CHANGED"", ""OPERATION_TERMINAL""], ""browser.automation.revision.publish"": [""OPERATION_ADMITTED"", ""OPERATION_STATE_CHANGED"", ""OPERATION_TERMINAL""], ""browser.automation.revision.read"": [""OPERATION_ADMITTED"", ""OPERATION_STATE_CHANGED"", ""OPERATION_TERMINAL""], ""browser.automation.rollback"": [""OPERATION_ADMITTED"", ""OPERATION_STATE_CHANGED"", ""OPERATION_TERMINAL""], ""browser.automation.run"": [""OPERATION_ADMITTED"", ""OPERATION_STATE_CHANGED"", ""OPERATION_TERMINAL""], ""browser.automation.run.list"": [""OPERATION_ADMITTED"", ""OPERATION_STATE_CHANGED"", ""OPERATION_TERMINAL""], ""browser.automation.run.read"": [""OPERATION_ADMITTED"", ""OPERATION_STATE_CHANGED"", ""OPERATION_TERMINAL""], ""browser.automation.run.step.list"": [""OPERATION_ADMITTED"", ""OPERATION_STATE_CHANGED"", ""OPERATION_TERMINAL""], ""browser.automation.schedule.create"": [""OPERATION_ADMITTED"", ""OPERATION_STATE_CHANGED"", ""OPERATION_TERMINAL""], ""browser.automation.schedule.list"": [""OPERATION_ADMITTED"", ""OPERATION_STATE_CHANGED"", ""OPERATION_TERMINAL""], ""browser.automation.schedule.patch"": [""OPERATION_ADMITTED"", ""OPERATION_STATE_CHANGED"", ""OPERATION_TERMINAL""], ""browser.automation.verify"": [""OPERATION_ADMITTED"", ""OPERATION_STATE_CHANGED"", ""OPERATION_TERMINAL""], ""browser.bridge.assign"": [""OPERATION_ADMITTED"", ""OPERATION_STATE_CHANGED"", ""OPERATION_TERMINAL""], ""browser.bridge.connection.list"": [""OPERATION_ADMITTED"", ""OPERATION_STATE_CHANGED"", ""OPERATION_TERMINAL""], ""browser.bridge.enroll"": [""OPERATION_ADMITTED"", ""OPERATION_STATE_CHANGED"", ""OPERATION_TERMINAL""], ""browser.bridge.list"": [""OPERATION_ADMITTED"", ""OPERATION_STATE_CHANGED"", ""OPERATION_TERMINAL""], ""browser.bridge.profile.list"": [""OPERATION_ADMITTED"", ""OPERATION_STATE_CHANGED"", ""OPERATION_TERMINAL""], ""browser.bridge.read"": [""OPERATION_ADMITTED"", ""OPERATION_STATE_CHANGED"", ""OPERATION_TERMINAL""], ""browser.bridge.release"": [""OPERATION_ADMITTED"", ""OPERATION_STATE_CHANGED"", ""OPERATION_TERMINAL""], ""browser.bridge.revoke"": [""OPERATION_ADMITTED"", ""OPERATION_STATE_CHANGED"", ""OPERATION_TERMINAL""], ""browser.bridge.rotateCertificate"": [""OPERATION_ADMITTED"", ""OPERATION_STATE_CHANGED"", ""OPERATION_TERMINAL""], ""browser.bridge.test"": [""OPERATION_ADMITTED"", ""OPERATION_STATE_CHANGED"", ""OPERATION_TERMINAL""], ""browser.challenge.resolve"": [""OPERATION_ADMITTED"", ""OPERATION_STATE_CHANGED"", ""OPERATION_TERMINAL""], ""browser.cleanup.resume"": [""OPERATION_ADMITTED"", ""OPERATION_STATE_CHANGED"", ""OPERATION_TERMINAL""], ""browser.confirmation.respond"": [""OPERATION_ADMITTED"", ""OPERATION_STATE_CHANGED"", ""OPERATION_TERMINAL""], ""browser.control.acquire"": [""OPERATION_ADMITTED"", ""OPERATION_STATE_CHANGED"", ""OPERATION_TERMINAL""], ""browser.control.read"": [""OPERATION_ADMITTED"", ""OPERATION_STATE_CHANGED"", ""OPERATION_TERMINAL""], ""browser.control.release"": [""OPERATION_ADMITTED"", ""OPERATION_STATE_CHANGED"", ""OPERATION_TERMINAL""], ""browser.control.transfer"": [""OPERATION_ADMITTED"", ""OPERATION_STATE_CHANGED"", ""OPERATION_TERMINAL""], ""browser.control.transfer.list"": [""OPERATION_ADMITTED"", ""OPERATION_STATE_CHANGED"", ""OPERATION_TERMINAL""], ""browser.dialog.respond"": [""OPERATION_ADMITTED"", ""OPERATION_STATE_CHANGED"", ""OPERATION_TERMINAL""], ""browser.document.list"": [""OPERATION_ADMITTED"", ""OPERATION_STATE_CHANGED"", ""OPERATION_TERMINAL""], ""browser.download.list"": [""OPERATION_ADMITTED"", ""OPERATION_STATE_CHANGED"", ""OPERATION_TERMINAL""], ""browser.focus.request"": null, ""browser.frame.list"": [""OPERATION_ADMITTED"", ""OPERATION_STATE_CHANGED"", ""OPERATION_TERMINAL""], ""browser.navigation.list"": [""OPERATION_ADMITTED"", ""OPERATION_STATE_CHANGED"", ""OPERATION_TERMINAL""], ""browser.observation.request"": [""OPERATION_ADMITTED"", ""OPERATION_STATE_CHANGED"", ""OPERATION_TERMINAL""], ""browser.operationScope.set"": [""OPERATION_ADMITTED"", ""OPERATION_STATE_CHANGED"", ""OPERATION_TERMINAL""], ""browser.page.activate"": [""OPERATION_ADMITTED"", ""OPERATION_STATE_CHANGED"", ""OPERATION_TERMINAL""], ""browser.page.close"": [""OPERATION_ADMITTED"", ""OPERATION_STATE_CHANGED"", ""OPERATION_TERMINAL""], ""browser.page.list"": [""OPERATION_ADMITTED"", ""OPERATION_STATE_CHANGED"", ""OPERATION_TERMINAL""], ""browser.page.open"": [""OPERATION_ADMITTED"", ""OPERATION_STATE_CHANGED"", ""OPERATION_TERMINAL""], ""browser.page.read"": [""OPERATION_ADMITTED"", ""OPERATION_STATE_CHANGED"", ""OPERATION_TERMINAL""], ""browser.permission.respond"": [""OPERATION_ADMITTED"", ""OPERATION_STATE_CHANGED"", ""OPERATION_TERMINAL""], ""browser.preview.latest"": [""OPERATION_ADMITTED"", ""OPERATION_STATE_CHANGED"", ""OPERATION_TERMINAL""], ""browser.preview.resync"": [""OPERATION_ADMITTED"", ""OPERATION_STATE_CHANGED"", ""OPERATION_TERMINAL""], ""browser.preview.ticket.create"": [""OPERATION_ADMITTED"", ""OPERATION_STATE_CHANGED"", ""OPERATION_TERMINAL""], ""browser.research.cancel"": [""OPERATION_ADMITTED"", ""OPERATION_STATE_CHANGED"", ""OPERATION_TERMINAL""], ""browser.research.extract"": [""OPERATION_ADMITTED"", ""OPERATION_STATE_CHANGED"", ""OPERATION_TERMINAL""], ""browser.research.plan"": [""OPERATION_ADMITTED"", ""OPERATION_STATE_CHANGED"", ""OPERATION_TERMINAL""], ""browser.research.publish"": [""OPERATION_ADMITTED"", ""OPERATION_STATE_CHANGED"", ""OPERATION_TERMINAL""], ""browser.research.start"": [""OPERATION_ADMITTED"", ""OPERATION_STATE_CHANGED"", ""OPERATION_TERMINAL""], ""browser.research.verify"": [""OPERATION_ADMITTED"", ""OPERATION_STATE_CHANGED"", ""OPERATION_TERMINAL""], ""browser.run.manualReview"": [""OPERATION_ADMITTED"", ""OPERATION_STATE_CHANGED"", ""OPERATION_TERMINAL""], ""browser.runtimeBuild.verify"": [""OPERATION_ADMITTED"", ""OPERATION_STATE_CHANGED"", ""OPERATION_TERMINAL""], ""browser.session.artifact.list"": [""OPERATION_ADMITTED"", ""OPERATION_STATE_CHANGED"", ""OPERATION_TERMINAL""], ""browser.session.attach"": [""OPERATION_ADMITTED"", ""OPERATION_STATE_CHANGED"", ""OPERATION_TERMINAL""], ""browser.session.close"": [""OPERATION_ADMITTED"", ""OPERATION_STATE_CHANGED"", ""OPERATION_TERMINAL""], ""browser.session.create"": [""OPERATION_ADMITTED"", ""OPERATION_STATE_CHANGED"", ""OPERATION_TERMINAL""], ""browser.session.credentials.submit"": [""OPERATION_ADMITTED"", ""OPERATION_STATE_CHANGED"", ""OPERATION_TERMINAL""], ""browser.session.events.read"": [""OPERATION_ADMITTED"", ""OPERATION_STATE_CHANGED"", ""OPERATION_TERMINAL""], ""browser.session.list"": [""OPERATION_ADMITTED"", ""OPERATION_STATE_CHANGED"", ""OPERATION_TERMINAL""], ""browser.session.pause"": [""OPERATION_ADMITTED"", ""OPERATION_STATE_CHANGED"", ""OPERATION_TERMINAL""], ""browser.session.recover"": [""OPERATION_ADMITTED"", ""OPERATION_STATE_CHANGED"", ""OPERATION_TERMINAL""], ""browser.session.resume"": [""OPERATION_ADMITTED"", ""OPERATION_STATE_CHANGED"", ""OPERATION_TERMINAL""], ""browser.session.snapshot.read"": [""OPERATION_ADMITTED"", ""OPERATION_STATE_CHANGED"", ""OPERATION_TERMINAL""], ""browser.session.state"": [""OPERATION_ADMITTED"", ""OPERATION_STATE_CHANGED"", ""OPERATION_TERMINAL""], ""browser.state.activate"": [""OPERATION_ADMITTED"", ""OPERATION_STATE_CHANGED"", ""OPERATION_TERMINAL""], ""browser.state.capture"": [""OPERATION_ADMITTED"", ""OPERATION_STATE_CHANGED"", ""OPERATION_TERMINAL""], ""browser.state.invalidate"": [""OPERATION_ADMITTED"", ""OPERATION_STATE_CHANGED"", ""OPERATION_TERMINAL""], ""browser.state.verify"": [""OPERATION_ADMITTED"", ""OPERATION_STATE_CHANGED"", ""OPERATION_TERMINAL""], ""browser.stateBundle.list"": [""OPERATION_ADMITTED"", ""OPERATION_STATE_CHANGED"", ""OPERATION_TERMINAL""], ""browser.stateBundle.read"": [""OPERATION_ADMITTED"", ""OPERATION_STATE_CHANGED"", ""OPERATION_TERMINAL""], ""browser.target.list"": [""OPERATION_ADMITTED"", ""OPERATION_STATE_CHANGED"", ""OPERATION_TERMINAL""], ""browser.target.pick"": [""OPERATION_ADMITTED"", ""OPERATION_STATE_CHANGED"", ""OPERATION_TERMINAL""], ""browser.target.revalidate"": [""OPERATION_ADMITTED"", ""OPERATION_STATE_CHANGED"", ""OPERATION_TERMINAL""], ""browser.teaching.compile"": [""OPERATION_ADMITTED"", ""OPERATION_STATE_CHANGED"", ""OPERATION_TERMINAL""], ""browser.teaching.list"": [""OPERATION_ADMITTED"", ""OPERATION_STATE_CHANGED"", ""OPERATION_TERMINAL""], ""browser.teaching.read"": [""OPERATION_ADMITTED"", ""OPERATION_STATE_CHANGED"", ""OPERATION_TERMINAL""], ""browser.teaching.start"": [""OPERATION_ADMITTED"", ""OPERATION_STATE_CHANGED"", ""OPERATION_TERMINAL""], ""browser.teaching.stop"": [""OPERATION_ADMITTED"", ""OPERATION_STATE_CHANGED"", ""OPERATION_TERMINAL""], ""browser.upload.create"": [""OPERATION_ADMITTED"", ""OPERATION_STATE_CHANGED"", ""OPERATION_TERMINAL""], ""chat.ask"": [""OPERATION_ADMITTED"", ""OPERATION_STATE_CHANGED"", ""OPERATION_TERMINAL""], ""chat.browser.control.acquire"": [""OPERATION_ADMITTED"", ""OPERATION_STATE_CHANGED"", ""OPERATION_TERMINAL""], ""chat.browser.control.returnToAi"": [""OPERATION_ADMITTED"", ""OPERATION_STATE_CHANGED"", ""OPERATION_TERMINAL""], ""chat.browser.directive.compile"": [""OPERATION_ADMITTED"", ""OPERATION_STATE_CHANGED"", ""OPERATION_TERMINAL""], ""chat.browser.session.attach"": [""OPERATION_ADMITTED"", ""OPERATION_STATE_CHANGED"", ""OPERATION_TERMINAL""], ""chat.browser.session.create"": [""OPERATION_ADMITTED"", ""OPERATION_STATE_CHANGED"", ""OPERATION_TERMINAL""], ""chat.browser.session.list"": [""OPERATION_ADMITTED"", ""OPERATION_STATE_CHANGED"", ""OPERATION_TERMINAL""], ""chat.browser.target.attach"": [""OPERATION_ADMITTED"", ""OPERATION_STATE_CHANGED"", ""OPERATION_TERMINAL""], ""chat.command.execute"": [""OPERATION_ADMITTED"", ""OPERATION_STATE_CHANGED"", ""OPERATION_TERMINAL""], ""chat.conversation.cancel"": [""OPERATION_ADMITTED"", ""OPERATION_STATE_CHANGED"", ""OPERATION_TERMINAL""], ""chat.conversation.create"": [""OPERATION_ADMITTED"", ""OPERATION_STATE_CHANGED"", ""OPERATION_TERMINAL""], ""chat.conversation.list"": [""OPERATION_ADMITTED"", ""OPERATION_STATE_CHANGED"", ""OPERATION_TERMINAL""], ""chat.conversation.read"": [""OPERATION_ADMITTED"", ""OPERATION_STATE_CHANGED"", ""OPERATION_TERMINAL""], ""chat.message.append"": [""OPERATION_ADMITTED"", ""OPERATION_STATE_CHANGED"", ""OPERATION_TERMINAL""], ""chat.message.list"": [""OPERATION_ADMITTED"", ""OPERATION_STATE_CHANGED"", ""OPERATION_TERMINAL""], ""chat.response.stream"": [""OPERATION_ADMITTED"", ""OPERATION_STATE_CHANGED"", ""OPERATION_TERMINAL""], ""chat.turn.steer"": ""Every admission, transition, child reservation, outcome and manual-review decision records logicalOperationId, correlationId, actor/channel and before/after digests."", ""component.activate"": [""OPERATION_ADMITTED"", ""OPERATION_STATE_CHANGED"", ""OPERATION_TERMINAL""], ""component.deregister"": [""OPERATION_ADMITTED"", ""OPERATION_STATE_CHANGED"", ""OPERATION_TERMINAL""], ""component.deregistration.preview"": [""OPERATION_ADMITTED"", ""OPERATION_STATE_CHANGED"", ""OPERATION_TERMINAL""], ""component.disable"": [""OPERATION_ADMITTED"", ""OPERATION_STATE_CHANGED"", ""OPERATION_TERMINAL""], ""component.e2e.start"": [""OPERATION_ADMITTED"", ""OPERATION_STATE_CHANGED"", ""OPERATION_TERMINAL""], ""component.enable"": [""OPERATION_ADMITTED"", ""OPERATION_STATE_CHANGED"", ""OPERATION_TERMINAL""], ""component.export"": ""Every admission, transition, child reservation, outcome and manual-review decision records logicalOperationId, correlationId, actor/channel and before/after digests."", ""component.heartbeat.challenge"": [""OPERATION_ADMITTED"", ""OPERATION_STATE_CHANGED"", ""OPERATION_TERMINAL""], ""component.import"": ""Every admission, transition, child reservation, outcome and manual-review decision records logicalOperationId, correlationId, actor/channel and before/after digests."", ""component.list"": [""OPERATION_ADMITTED"", ""OPERATION_STATE_CHANGED"", ""OPERATION_TERMINAL""], ""component.metadata.patch"": [""OPERATION_ADMITTED"", ""OPERATION_STATE_CHANGED"", ""OPERATION_TERMINAL""], ""component.quarantine"": [""OPERATION_ADMITTED"", ""OPERATION_STATE_CHANGED"", ""OPERATION_TERMINAL""], ""component.read"": [""OPERATION_ADMITTED"", ""OPERATION_STATE_CHANGED"", ""OPERATION_TERMINAL""], ""component.recertify"": [""OPERATION_ADMITTED"", ""OPERATION_STATE_CHANGED"", ""OPERATION_TERMINAL""], ""component.register"": [""OPERATION_ADMITTED"", ""OPERATION_STATE_CHANGED"", ""OPERATION_TERMINAL""], ""component.release.list"": [""OPERATION_ADMITTED"", ""OPERATION_STATE_CHANGED"", ""OPERATION_TERMINAL""], ""component.repair.request"": [""OPERATION_ADMITTED"", ""OPERATION_STATE_CHANGED"", ""OPERATION_TERMINAL""], ""component.restore"": [""OPERATION_ADMITTED"", ""OPERATION_STATE_CHANGED"", ""OPERATION_TERMINAL""], ""component.retire"": ""Every admission, transition, child reservation, outcome and manual-review decision records logicalOperationId, correlationId, actor/channel and before/after digests."", ""component.revision.list"": [""OPERATION_ADMITTED"", ""OPERATION_STATE_CHANGED"", ""OPERATION_TERMINAL""], ""component.revision.publish"": [""OPERATION_ADMITTED"", ""OPERATION_STATE_CHANGED"", ""OPERATION_TERMINAL""], ""component.revision.read"": [""OPERATION_ADMITTED"", ""OPERATION_STATE_CHANGED"", ""OPERATION_TERMINAL""], ""component.rollback"": [""OPERATION_ADMITTED"", ""OPERATION_STATE_CHANGED"", ""OPERATION_TERMINAL""], ""component.state.request"": [""OPERATION_ADMITTED"", ""OPERATION_STATE_CHANGED"", ""OPERATION_TERMINAL""], ""component.suspend"": [""OPERATION_ADMITTED"", ""OPERATION_STATE_CHANGED"", ""OPERATION_TERMINAL""], ""component.suspension.set"": [""OPERATION_ADMITTED"", ""OPERATION_STATE_CHANGED"", ""OPERATION_TERMINAL""], ""component.usage.read"": [""OPERATION_ADMITTED"", ""OPERATION_STATE_CHANGED"", ""OPERATION_TERMINAL""], ""component.validate"": [""OPERATION_ADMITTED"", ""OPERATION_STATE_CHANGED"", ""OPERATION_TERMINAL""], ""component.verify"": [""OPERATION_ADMITTED"", ""OPERATION_STATE_CHANGED"", ""OPERATION_TERMINAL""], ""config.apply"": [""OPERATION_ADMITTED"", ""OPERATION_STATE_CHANGED"", ""OPERATION_TERMINAL""], ""config.export"": [""OPERATION_ADMITTED"", ""OPERATION_STATE_CHANGED"", ""OPERATION_TERMINAL""], ""config.import"": [""OPERATION_ADMITTED"", ""OPERATION_STATE_CHANGED"", ""OPERATION_TERMINAL""], ""config.rollback"": ""Every admission, transition, child reservation, outcome and manual-review decision records logicalOperationId, correlationId, actor/channel and before/after digests."", ""config.setting.list"": [""OPERATION_ADMITTED"", ""OPERATION_STATE_CHANGED"", ""OPERATION_TERMINAL""], ""config.setting.read"": [""OPERATION_ADMITTED"", ""OPERATION_STATE_CHANGED"", ""OPERATION_TERMINAL""], ""config.setting.replace"": [""OPERATION_ADMITTED"", ""OPERATION_STATE_CHANGED"", ""OPERATION_TERMINAL""], ""config.setting.reset"": [""OPERATION_ADMITTED"", ""OPERATION_STATE_CHANGED"", ""OPERATION_TERMINAL""], ""config.validate"": [""OPERATION_ADMITTED"", ""OPERATION_STATE_CHANGED"", ""OPERATION_TERMINAL""], ""dashboard.events.read"": [""OPERATION_ADMITTED"", ""OPERATION_STATE_CHANGED"", ""OPERATION_TERMINAL""], ""dashboard.identityCards.list"": [""OPERATION_ADMITTED"", ""OPERATION_STATE_CHANGED"", ""OPERATION_TERMINAL""], ""dashboard.layout.replace"": [""OPERATION_ADMITTED"", ""OPERATION_STATE_CHANGED"", ""OPERATION_TERMINAL""], ""dashboard.topology.read"": [""OPERATION_ADMITTED"", ""OPERATION_STATE_CHANGED"", ""OPERATION_TERMINAL""], ""deployment.list"": [""OPERATION_ADMITTED"", ""OPERATION_STATE_CHANGED"", ""OPERATION_TERMINAL""], ""external.authBinding.create"": [""OPERATION_ADMITTED"", ""OPERATION_STATE_CHANGED"", ""OPERATION_TERMINAL""], ""external.authBinding.list"": [""OPERATION_ADMITTED"", ""OPERATION_STATE_CHANGED"", ""OPERATION_TERMINAL""], ""external.authBinding.patch"": [""OPERATION_ADMITTED"", ""OPERATION_STATE_CHANGED"", ""OPERATION_TERMINAL""], ""external.circuit.close"": [""OPERATION_ADMITTED"", ""OPERATION_STATE_CHANGED"", ""OPERATION_TERMINAL""], ""external.circuit.open"": [""OPERATION_ADMITTED"", ""OPERATION_STATE_CHANGED"", ""OPERATION_TERMINAL""], ""external.circuit.reset"": ""Every admission, transition, child reservation, outcome and manual-review decision records logicalOperationId, correlationId, actor/channel and before/after digests."", ""external.request.list"": [""OPERATION_ADMITTED"", ""OPERATION_STATE_CHANGED"", ""OPERATION_TERMINAL""], ""external.target.create"": [""OPERATION_ADMITTED"", ""OPERATION_STATE_CHANGED"", ""OPERATION_TERMINAL""], ""external.target.list"": [""OPERATION_ADMITTED"", ""OPERATION_STATE_CHANGED"", ""OPERATION_TERMINAL""], ""external.target.patch"": [""OPERATION_ADMITTED"", ""OPERATION_STATE_CHANGED"", ""OPERATION_TERMINAL""], ""external.target.read"": [""OPERATION_ADMITTED"", ""OPERATION_STATE_CHANGED"", ""OPERATION_TERMINAL""], ""external.target.test"": [""OPERATION_ADMITTED"", ""OPERATION_STATE_CHANGED"", ""OPERATION_TERMINAL""], ""external.targetBinding.create"": [""OPERATION_ADMITTED"", ""OPERATION_STATE_CHANGED"", ""OPERATION_TERMINAL""], ""external.targetBinding.list"": [""OPERATION_ADMITTED"", ""OPERATION_STATE_CHANGED"", ""OPERATION_TERMINAL""], ""external.targetBinding.remove"": [""OPERATION_ADMITTED"", ""OPERATION_STATE_CHANGED"", ""OPERATION_TERMINAL""], ""external.webhook.list"": [""OPERATION_ADMITTED"", ""OPERATION_STATE_CHANGED"", ""OPERATION_TERMINAL""], ""external.webhook.test"": [""OPERATION_ADMITTED"", ""OPERATION_STATE_CHANGED"", ""OPERATION_TERMINAL""], ""generation.activationSet.read"": [""OPERATION_ADMITTED"", ""OPERATION_STATE_CHANGED"", ""OPERATION_TERMINAL""], ""generation.artifact.list"": [""OPERATION_ADMITTED"", ""OPERATION_STATE_CHANGED"", ""OPERATION_TERMINAL""], ""generation.artifactManifest.list"": [""OPERATION_ADMITTED"", ""OPERATION_STATE_CHANGED"", ""OPERATION_TERMINAL""], ""generation.authority.read"": [""OPERATION_ADMITTED"", ""OPERATION_STATE_CHANGED"", ""OPERATION_TERMINAL""], ""generation.blocker.list"": [""OPERATION_ADMITTED"", ""OPERATION_STATE_CHANGED"", ""OPERATION_TERMINAL""], ""generation.blocker.resolve"": [""OPERATION_ADMITTED"", ""OPERATION_STATE_CHANGED"", ""OPERATION_TERMINAL""], ""generation.capability.resolve"": [""OPERATION_ADMITTED"", ""OPERATION_STATE_CHANGED"", ""OPERATION_TERMINAL""], ""generation.capabilitySnapshot.list"": [""OPERATION_ADMITTED"", ""OPERATION_STATE_CHANGED"", ""OPERATION_TERMINAL""], ""generation.checkpoint.list"": [""OPERATION_ADMITTED"", ""OPERATION_STATE_CHANGED"", ""OPERATION_TERMINAL""], ""generation.contractCandidate.list"": [""OPERATION_ADMITTED"", ""OPERATION_STATE_CHANGED"", ""OPERATION_TERMINAL""], ""generation.fact.list"": [""OPERATION_ADMITTED"", ""OPERATION_STATE_CHANGED"", ""OPERATION_TERMINAL""], ""generation.job.cancel"": [""OPERATION_ADMITTED"", ""OPERATION_STATE_CHANGED"", ""OPERATION_TERMINAL""], ""generation.job.create"": [""OPERATION_ADMITTED"", ""OPERATION_STATE_CHANGED"", ""OPERATION_TERMINAL""], ""generation.job.events.read"": [""OPERATION_ADMITTED"", ""OPERATION_STATE_CHANGED"", ""OPERATION_TERMINAL""], ""generation.job.followUp"": [""OPERATION_ADMITTED"", ""OPERATION_STATE_CHANGED"", ""OPERATION_TERMINAL""], ""generation.job.list"": [""OPERATION_ADMITTED"", ""OPERATION_STATE_CHANGED"", ""OPERATION_TERMINAL""], ""generation.job.read"": [""OPERATION_ADMITTED"", ""OPERATION_STATE_CHANGED"", ""OPERATION_TERMINAL""], ""generation.job.resume"": [""OPERATION_ADMITTED"", ""OPERATION_STATE_CHANGED"", ""OPERATION_TERMINAL""], ""generation.job.retry"": [""OPERATION_ADMITTED"", ""OPERATION_STATE_CHANGED"", ""OPERATION_TERMINAL""], ""generation.job.snapshot.read"": [""OPERATION_ADMITTED"", ""OPERATION_STATE_CHANGED"", ""OPERATION_TERMINAL""], ""generation.message.append"": [""OPERATION_ADMITTED"", ""OPERATION_STATE_CHANGED"", ""OPERATION_TERMINAL""], ""generation.message.list"": [""OPERATION_ADMITTED"", ""OPERATION_STATE_CHANGED"", ""OPERATION_TERMINAL""], ""generation.ownerDecision.list"": [""OPERATION_ADMITTED"", ""OPERATION_STATE_CHANGED"", ""OPERATION_TERMINAL""], ""generation.phase.list"": [""OPERATION_ADMITTED"", ""OPERATION_STATE_CHANGED"", ""OPERATION_TERMINAL""], ""generation.phase.read"": [""OPERATION_ADMITTED"", ""OPERATION_STATE_CHANGED"", ""OPERATION_TERMINAL""], ""generation.plan.list"": [""OPERATION_ADMITTED"", ""OPERATION_STATE_CHANGED"", ""OPERATION_TERMINAL""], ""generation.plan.read"": [""OPERATION_ADMITTED"", ""OPERATION_STATE_CHANGED"", ""OPERATION_TERMINAL""], ""generation.plan.validate"": [""OPERATION_ADMITTED"", ""OPERATION_STATE_CHANGED"", ""OPERATION_TERMINAL""], ""generation.research.bind"": [""OPERATION_ADMITTED"", ""OPERATION_STATE_CHANGED"", ""OPERATION_TERMINAL""], ""generation.research.refresh"": [""OPERATION_ADMITTED"", ""OPERATION_STATE_CHANGED"", ""OPERATION_TERMINAL""], ""generation.source.add"": [""OPERATION_ADMITTED"", ""OPERATION_STATE_CHANGED"", ""OPERATION_TERMINAL""], ""generation.source.list"": [""OPERATION_ADMITTED"", ""OPERATION_STATE_CHANGED"", ""OPERATION_TERMINAL""], ""generation.source.read"": [""OPERATION_ADMITTED"", ""OPERATION_STATE_CHANGED"", ""OPERATION_TERMINAL""], ""generation.spec.approve"": [""OPERATION_ADMITTED"", ""OPERATION_STATE_CHANGED"", ""OPERATION_TERMINAL""], ""generation.spec.current"": [""OPERATION_ADMITTED"", ""OPERATION_STATE_CHANGED"", ""OPERATION_TERMINAL""], ""generation.spec.precheck"": [""OPERATION_ADMITTED"", ""OPERATION_STATE_CHANGED"", ""OPERATION_TERMINAL""], ""generation.spec.revision.list"": [""OPERATION_ADMITTED"", ""OPERATION_STATE_CHANGED"", ""OPERATION_TERMINAL""], ""generation.spec.revision.read"": [""OPERATION_ADMITTED"", ""OPERATION_STATE_CHANGED"", ""OPERATION_TERMINAL""], ""generation.toolEvent.list"": [""OPERATION_ADMITTED"", ""OPERATION_STATE_CHANGED"", ""OPERATION_TERMINAL""], ""generation.turn.interrupt"": [""OPERATION_ADMITTED"", ""OPERATION_STATE_CHANGED"", ""OPERATION_TERMINAL""], ""generation.turn.list"": [""OPERATION_ADMITTED"", ""OPERATION_STATE_CHANGED"", ""OPERATION_TERMINAL""], ""generation.validation.run"": [""OPERATION_ADMITTED"", ""OPERATION_STATE_CHANGED"", ""OPERATION_TERMINAL""], ""generation.validationRun.list"": [""OPERATION_ADMITTED"", ""OPERATION_STATE_CHANGED"", ""OPERATION_TERMINAL""], ""generation.validationRun.read"": [""OPERATION_ADMITTED"", ""OPERATION_STATE_CHANGED"", ""OPERATION_TERMINAL""], ""generation.workspace.file.list"": [""OPERATION_ADMITTED"", ""OPERATION_STATE_CHANGED"", ""OPERATION_TERMINAL""], ""generation.workspace.patch.list"": [""OPERATION_ADMITTED"", ""OPERATION_STATE_CHANGED"", ""OPERATION_TERMINAL""], ""generation.workspace.revision.list"": [""OPERATION_ADMITTED"", ""OPERATION_STATE_CHANGED"", ""OPERATION_TERMINAL""], ""generation.workspace.revision.read"": [""OPERATION_ADMITTED"", ""OPERATION_STATE_CHANGED"", ""OPERATION_TERMINAL""], ""log.correlation.read"": [""OPERATION_ADMITTED"", ""OPERATION_STATE_CHANGED"", ""OPERATION_TERMINAL""], ""log.export"": [""OPERATION_ADMITTED"", ""OPERATION_STATE_CHANGED"", ""OPERATION_TERMINAL""], ""log.query"": [""OPERATION_ADMITTED"", ""OPERATION_STATE_CHANGED"", ""OPERATION_TERMINAL""], ""log.stream"": [""OPERATION_ADMITTED"", ""OPERATION_STATE_CHANGED"", ""OPERATION_TERMINAL""], ""maintenance.service.restart"": [""OPERATION_ADMITTED"", ""OPERATION_STATE_CHANGED"", ""OPERATION_TERMINAL""], ""mcp.alias.create"": [""OPERATION_ADMITTED"", ""OPERATION_STATE_CHANGED"", ""OPERATION_TERMINAL""], ""mcp.alias.list"": [""OPERATION_ADMITTED"", ""OPERATION_STATE_CHANGED"", ""OPERATION_TERMINAL""], ""mcp.alias.preview"": [""OPERATION_ADMITTED"", ""OPERATION_STATE_CHANGED"", ""OPERATION_TERMINAL""], ""mcp.alias.remove"": [""OPERATION_ADMITTED"", ""OPERATION_STATE_CHANGED"", ""OPERATION_TERMINAL""], ""mcp.callRun.events.read"": [""OPERATION_ADMITTED"", ""OPERATION_STATE_CHANGED"", ""OPERATION_TERMINAL""], ""mcp.callRun.list"": [""OPERATION_ADMITTED"", ""OPERATION_STATE_CHANGED"", ""OPERATION_TERMINAL""], ""mcp.callRun.outcome.read"": [""OPERATION_ADMITTED"", ""OPERATION_STATE_CHANGED"", ""OPERATION_TERMINAL""], ""mcp.callRun.read"": [""OPERATION_ADMITTED"", ""OPERATION_STATE_CHANGED"", ""OPERATION_TERMINAL""], ""mcp.catalog.prompt.list"": [""OPERATION_ADMITTED"", ""OPERATION_STATE_CHANGED"", ""OPERATION_TERMINAL""], ""mcp.catalog.prompt.read"": [""OPERATION_ADMITTED"", ""OPERATION_STATE_CHANGED"", ""OPERATION_TERMINAL""], ""mcp.catalog.resource.list"": [""OPERATION_ADMITTED"", ""OPERATION_STATE_CHANGED"", ""OPERATION_TERMINAL""], ""mcp.catalog.resource.read"": [""OPERATION_ADMITTED"", ""OPERATION_STATE_CHANGED"", ""OPERATION_TERMINAL""], ""mcp.catalog.resourceTemplate.list"": [""OPERATION_ADMITTED"", ""OPERATION_STATE_CHANGED"", ""OPERATION_TERMINAL""], ""mcp.catalog.resourceTemplate.read"": [""OPERATION_ADMITTED"", ""OPERATION_STATE_CHANGED"", ""OPERATION_TERMINAL""], ""mcp.catalog.tool.callers.list"": [""OPERATION_ADMITTED"", ""OPERATION_STATE_CHANGED"", ""OPERATION_TERMINAL""], ""mcp.catalog.tool.list"": [""OPERATION_ADMITTED"", ""OPERATION_STATE_CHANGED"", ""OPERATION_TERMINAL""], ""mcp.catalog.tool.read"": [""OPERATION_ADMITTED"", ""OPERATION_STATE_CHANGED"", ""OPERATION_TERMINAL""], ""mcp.catalog.tool.register"": [""OPERATION_ADMITTED"", ""OPERATION_STATE_CHANGED"", ""OPERATION_TERMINAL""], ""mcp.catalog.tool.revision.list"": [""OPERATION_ADMITTED"", ""OPERATION_STATE_CHANGED"", ""OPERATION_TERMINAL""], ""mcp.catalog.tool.usage.read"": [""OPERATION_ADMITTED"", ""OPERATION_STATE_CHANGED"", ""OPERATION_TERMINAL""], ""mcp.contract.compatibility"": [""OPERATION_ADMITTED"", ""OPERATION_STATE_CHANGED"", ""OPERATION_TERMINAL""], ""mcp.contract.validate"": [""OPERATION_ADMITTED"", ""OPERATION_STATE_CHANGED"", ""OPERATION_TERMINAL""], ""mcp.discovery.snapshot"": [""OPERATION_ADMITTED"", ""OPERATION_STATE_CHANGED"", ""OPERATION_TERMINAL""], ""mcp.discovery.snapshot.diff"": [""OPERATION_ADMITTED"", ""OPERATION_STATE_CHANGED"", ""OPERATION_TERMINAL""], ""mcp.discovery.snapshot.list"": [""OPERATION_ADMITTED"", ""OPERATION_STATE_CHANGED"", ""OPERATION_TERMINAL""], ""mcp.discovery.snapshot.read"": [""OPERATION_ADMITTED"", ""OPERATION_STATE_CHANGED"", ""OPERATION_TERMINAL""], ""mcp.era.probe"": [""OPERATION_ADMITTED"", ""OPERATION_STATE_CHANGED"", ""OPERATION_TERMINAL""], ""mcp.input.respond"": [""OPERATION_ADMITTED"", ""OPERATION_STATE_CHANGED"", ""OPERATION_TERMINAL""], ""mcp.inputExchange.list"": [""OPERATION_ADMITTED"", ""OPERATION_STATE_CHANGED"", ""OPERATION_TERMINAL""], ""mcp.inputExchange.read"": [""OPERATION_ADMITTED"", ""OPERATION_STATE_CHANGED"", ""OPERATION_TERMINAL""], ""mcp.registrationProbe.list"": [""OPERATION_ADMITTED"", ""OPERATION_STATE_CHANGED"", ""OPERATION_TERMINAL""], ""mcp.requestEvent.list"": [""OPERATION_ADMITTED"", ""OPERATION_STATE_CHANGED"", ""OPERATION_TERMINAL""], ""mcp.requestEvent.raw.read"": [""OPERATION_ADMITTED"", ""OPERATION_STATE_CHANGED"", ""OPERATION_TERMINAL""], ""mcp.requestEvent.read"": [""OPERATION_ADMITTED"", ""OPERATION_STATE_CHANGED"", ""OPERATION_TERMINAL""], ""mcp.stateHandle.close"": [""OPERATION_ADMITTED"", ""OPERATION_STATE_CHANGED"", ""OPERATION_TERMINAL""], ""mcp.stateHandle.list"": [""OPERATION_ADMITTED"", ""OPERATION_STATE_CHANGED"", ""OPERATION_TERMINAL""], ""mcp.stateHandle.read"": [""OPERATION_ADMITTED"", ""OPERATION_STATE_CHANGED"", ""OPERATION_TERMINAL""], ""mcp.subscription.cancel"": [""OPERATION_ADMITTED"", ""OPERATION_STATE_CHANGED"", ""OPERATION_TERMINAL""], ""mcp.subscription.list"": [""OPERATION_ADMITTED"", ""OPERATION_STATE_CHANGED"", ""OPERATION_TERMINAL""], ""mcp.subscription.notifications.read"": [""OPERATION_ADMITTED"", ""OPERATION_STATE_CHANGED"", ""OPERATION_TERMINAL""], ""mcp.subscription.read"": [""OPERATION_ADMITTED"", ""OPERATION_STATE_CHANGED"", ""OPERATION_TERMINAL""], ""mcp.task.events.read"": [""OPERATION_ADMITTED"", ""OPERATION_STATE_CHANGED"", ""OPERATION_TERMINAL""], ""mcp.task.list"": [""OPERATION_ADMITTED"", ""OPERATION_STATE_CHANGED"", ""OPERATION_TERMINAL""], ""mcp.tools.cancel"": [""OPERATION_ADMITTED"", ""OPERATION_STATE_CHANGED"", ""OPERATION_TERMINAL""], ""mcp.tools.reconcile"": [""OPERATION_ADMITTED"", ""OPERATION_STATE_CHANGED"", ""OPERATION_TERMINAL""], ""mcp.wire.verify"": [""OPERATION_ADMITTED"", ""OPERATION_STATE_CHANGED"", ""OPERATION_TERMINAL""], ""monitor.alert.acknowledge"": [""OPERATION_ADMITTED"", ""OPERATION_STATE_CHANGED"", ""OPERATION_TERMINAL""], ""monitor.alert.close"": [""OPERATION_ADMITTED"", ""OPERATION_STATE_CHANGED"", ""OPERATION_TERMINAL""], ""monitor.alert.delivery.list"": [""OPERATION_ADMITTED"", ""OPERATION_STATE_CHANGED"", ""OPERATION_TERMINAL""], ""monitor.alert.list"": [""OPERATION_ADMITTED"", ""OPERATION_STATE_CHANGED"", ""OPERATION_TERMINAL""], ""monitor.alert.read"": [""OPERATION_ADMITTED"", ""OPERATION_STATE_CHANGED"", ""OPERATION_TERMINAL""], ""monitor.alert.suppress"": [""OPERATION_ADMITTED"", ""OPERATION_STATE_CHANGED"", ""OPERATION_TERMINAL""], ""monitor.channel.test"": [""OPERATION_ADMITTED"", ""OPERATION_STATE_CHANGED"", ""OPERATION_TERMINAL""], ""monitor.overview.read"": [""OPERATION_ADMITTED"", ""OPERATION_STATE_CHANGED"", ""OPERATION_TERMINAL""], ""monitor.probe.list"": [""OPERATION_ADMITTED"", ""OPERATION_STATE_CHANGED"", ""OPERATION_TERMINAL""], ""monitor.probe.request"": [""OPERATION_ADMITTED"", ""OPERATION_STATE_CHANGED"", ""OPERATION_TERMINAL""], ""monitor.profile.list"": [""OPERATION_ADMITTED"", ""OPERATION_STATE_CHANGED"", ""OPERATION_TERMINAL""], ""monitor.profile.replace"": [""OPERATION_ADMITTED"", ""OPERATION_STATE_CHANGED"", ""OPERATION_TERMINAL""], ""monitor.stateHistory.read"": [""OPERATION_ADMITTED"", ""OPERATION_STATE_CHANGED"", ""OPERATION_TERMINAL""], ""openai.modelCall.checkpoint.list"": [""OPERATION_ADMITTED"", ""OPERATION_STATE_CHANGED"", ""OPERATION_TERMINAL""], ""openai.modelCall.continuation.list"": [""OPERATION_ADMITTED"", ""OPERATION_STATE_CHANGED"", ""OPERATION_TERMINAL""], ""openai.modelCall.events.read"": [""OPERATION_ADMITTED"", ""OPERATION_STATE_CHANGED"", ""OPERATION_TERMINAL""], ""openai.modelCall.list"": [""OPERATION_ADMITTED"", ""OPERATION_STATE_CHANGED"", ""OPERATION_TERMINAL""], ""openai.modelCall.outputItem.list"": [""OPERATION_ADMITTED"", ""OPERATION_STATE_CHANGED"", ""OPERATION_TERMINAL""], ""openai.modelCall.read"": [""OPERATION_ADMITTED"", ""OPERATION_STATE_CHANGED"", ""OPERATION_TERMINAL""], ""openai.modelCall.reconcile"": [""OPERATION_ADMITTED"", ""OPERATION_STATE_CHANGED"", ""OPERATION_TERMINAL""], ""openai.modelCall.requestCancel"": [""OPERATION_ADMITTED"", ""OPERATION_STATE_CHANGED"", ""OPERATION_TERMINAL""], ""openai.modelCall.requestDescriptor.read"": [""OPERATION_ADMITTED"", ""OPERATION_STATE_CHANGED"", ""OPERATION_TERMINAL""], ""openai.modelCall.resumeStream"": [""OPERATION_ADMITTED"", ""OPERATION_STATE_CHANGED"", ""OPERATION_TERMINAL""], ""openai.modelCall.retrieve"": [""OPERATION_ADMITTED"", ""OPERATION_STATE_CHANGED"", ""OPERATION_TERMINAL""], ""openai.modelCall.toolDispatch.list"": [""OPERATION_ADMITTED"", ""OPERATION_STATE_CHANGED"", ""OPERATION_TERMINAL""], ""openai.modelCapability.list"": [""OPERATION_ADMITTED"", ""OPERATION_STATE_CHANGED"", ""OPERATION_TERMINAL""], ""openai.modelCapability.read"": [""OPERATION_ADMITTED"", ""OPERATION_STATE_CHANGED"", ""OPERATION_TERMINAL""], ""openai.modelCapability.refresh"": [""OPERATION_ADMITTED"", ""OPERATION_STATE_CHANGED"", ""OPERATION_TERMINAL""], ""operation.catalog.list"": [""OPERATION_ADMITTED"", ""OPERATION_STATE_CHANGED"", ""OPERATION_TERMINAL""], ""operation.invoke"": [""OPERATION_ADMITTED"", ""OPERATION_STATE_CHANGED"", ""OPERATION_TERMINAL""], ""owner.auth.logout"": [""OPERATION_ADMITTED"", ""OPERATION_STATE_CHANGED"", ""OPERATION_TERMINAL""], ""owner.mfa.enroll"": [""OPERATION_ADMITTED"", ""OPERATION_STATE_CHANGED"", ""OPERATION_TERMINAL""], ""owner.mfa.reset"": ""Every admission, transition, child reservation, outcome and manual-review decision records logicalOperationId, correlationId, actor/channel and before/after digests."", ""owner.mfa.verify"": [""OPERATION_ADMITTED"", ""OPERATION_STATE_CHANGED"", ""OPERATION_TERMINAL""], ""owner.recoveryCodes.rotate"": [""OPERATION_ADMITTED"", ""OPERATION_STATE_CHANGED"", ""OPERATION_TERMINAL""], ""owner.security.read"": [""OPERATION_ADMITTED"", ""OPERATION_STATE_CHANGED"", ""OPERATION_TERMINAL""], ""owner.session.current"": [""OPERATION_ADMITTED"", ""OPERATION_STATE_CHANGED"", ""OPERATION_TERMINAL""], ""owner.session.list"": [""OPERATION_ADMITTED"", ""OPERATION_STATE_CHANGED"", ""OPERATION_TERMINAL""], ""owner.session.reauthenticate"": [""OPERATION_ADMITTED"", ""OPERATION_STATE_CHANGED"", ""OPERATION_TERMINAL""], ""owner.session.revoke"": [""OPERATION_ADMITTED"", ""OPERATION_STATE_CHANGED"", ""OPERATION_TERMINAL""], ""owner.session.revokeAll"": [""OPERATION_ADMITTED"", ""OPERATION_STATE_CHANGED"", ""OPERATION_TERMINAL""], ""owner.session.revokeOthers"": [""OPERATION_ADMITTED"", ""OPERATION_STATE_CHANGED"", ""OPERATION_TERMINAL""], ""ownerApiKey.read"": [""OPERATION_ADMITTED"", ""OPERATION_STATE_CHANGED"", ""OPERATION_TERMINAL""], ""ownerApiKey.reveal"": [""OPERATION_ADMITTED"", ""OPERATION_STATE_CHANGED"", ""OPERATION_TERMINAL""], ""ownerApiKey.rotate"": [""OPERATION_ADMITTED"", ""OPERATION_STATE_CHANGED"", ""OPERATION_TERMINAL""], ""ownerApiKey.session.exchange"": [""OPERATION_ADMITTED"", ""OPERATION_STATE_CHANGED"", ""OPERATION_TERMINAL""], ""ownerApiKey.usage.read"": [""OPERATION_ADMITTED"", ""OPERATION_STATE_CHANGED"", ""OPERATION_TERMINAL""], ""provenance.content.graph"": [""OPERATION_ADMITTED"", ""OPERATION_STATE_CHANGED"", ""OPERATION_TERMINAL""], ""provenance.content.read"": [""OPERATION_ADMITTED"", ""OPERATION_STATE_CHANGED"", ""OPERATION_TERMINAL""], ""provenance.valueDerivation.list"": [""OPERATION_ADMITTED"", ""OPERATION_STATE_CHANGED"", ""OPERATION_TERMINAL""], ""release.activate"": ""Every admission, transition, child reservation, outcome and manual-review decision records logicalOperationId, correlationId, actor/channel and before/after digests."", ""release.list"": [""OPERATION_ADMITTED"", ""OPERATION_STATE_CHANGED"", ""OPERATION_TERMINAL""], ""release.read"": [""OPERATION_ADMITTED"", ""OPERATION_STATE_CHANGED"", ""OPERATION_TERMINAL""], ""release.rollback"": [""OPERATION_ADMITTED"", ""OPERATION_STATE_CHANGED"", ""OPERATION_TERMINAL""], ""runtime.boundary.evidence.read"": [""OPERATION_ADMITTED"", ""OPERATION_STATE_CHANGED"", ""OPERATION_TERMINAL""], ""runtime.boundary.verify"": [""OPERATION_ADMITTED"", ""OPERATION_STATE_CHANGED"", ""OPERATION_TERMINAL""], ""runtime.call.list"": [""OPERATION_ADMITTED"", ""OPERATION_STATE_CHANGED"", ""OPERATION_TERMINAL""], ""runtime.cleanup.read"": [""OPERATION_ADMITTED"", ""OPERATION_STATE_CHANGED"", ""OPERATION_TERMINAL""], ""runtime.connection.inspect"": [""OPERATION_ADMITTED"", ""OPERATION_STATE_CHANGED"", ""OPERATION_TERMINAL""], ""runtime.connection.list"": [""OPERATION_ADMITTED"", ""OPERATION_STATE_CHANGED"", ""OPERATION_TERMINAL""], ""runtime.drain"": [""OPERATION_ADMITTED"", ""OPERATION_STATE_CHANGED"", ""OPERATION_TERMINAL""], ""runtime.execution.list"": [""OPERATION_ADMITTED"", ""OPERATION_STATE_CHANGED"", ""OPERATION_TERMINAL""], ""runtime.execution.read"": [""OPERATION_ADMITTED"", ""OPERATION_STATE_CHANGED"", ""OPERATION_TERMINAL""], ""runtime.instance.list"": [""OPERATION_ADMITTED"", ""OPERATION_STATE_CHANGED"", ""OPERATION_TERMINAL""], ""runtime.instance.read"": [""OPERATION_ADMITTED"", ""OPERATION_STATE_CHANGED"", ""OPERATION_TERMINAL""], ""runtime.instance.reconcile"": [""OPERATION_ADMITTED"", ""OPERATION_STATE_CHANGED"", ""OPERATION_TERMINAL""], ""runtime.instance.restart"": [""OPERATION_ADMITTED"", ""OPERATION_STATE_CHANGED"", ""OPERATION_TERMINAL""], ""runtime.process.list"": [""OPERATION_ADMITTED"", ""OPERATION_STATE_CHANGED"", ""OPERATION_TERMINAL""], ""runtime.sandbox.read"": [""OPERATION_ADMITTED"", ""OPERATION_STATE_CHANGED"", ""OPERATION_TERMINAL""], ""runtime.workerHeartbeat.list"": [""OPERATION_ADMITTED"", ""OPERATION_STATE_CHANGED"", ""OPERATION_TERMINAL""], ""secret.bind"": [""OPERATION_ADMITTED"", ""OPERATION_STATE_CHANGED"", ""OPERATION_TERMINAL""], ""secret.binding.bulkApply"": [""OPERATION_ADMITTED"", ""OPERATION_STATE_CHANGED"", ""OPERATION_TERMINAL""], ""secret.binding.bulkPreview"": [""OPERATION_ADMITTED"", ""OPERATION_STATE_CHANGED"", ""OPERATION_TERMINAL""], ""secret.binding.list"": [""OPERATION_ADMITTED"", ""OPERATION_STATE_CHANGED"", ""OPERATION_TERMINAL""], ""secret.create"": [""OPERATION_ADMITTED"", ""OPERATION_STATE_CHANGED"", ""OPERATION_TERMINAL""], ""secret.delete"": [""OPERATION_ADMITTED"", ""OPERATION_STATE_CHANGED"", ""OPERATION_TERMINAL""], ""secret.export"": [""OPERATION_ADMITTED"", ""OPERATION_STATE_CHANGED"", ""OPERATION_TERMINAL""], ""secret.import"": [""OPERATION_ADMITTED"", ""OPERATION_STATE_CHANGED"", ""OPERATION_TERMINAL""], ""secret.list"": [""OPERATION_ADMITTED"", ""OPERATION_STATE_CHANGED"", ""OPERATION_TERMINAL""], ""secret.metadata.patch"": [""OPERATION_ADMITTED"", ""OPERATION_STATE_CHANGED"", ""OPERATION_TERMINAL""], ""secret.metadata.read"": [""OPERATION_ADMITTED"", ""OPERATION_STATE_CHANGED"", ""OPERATION_TERMINAL""], ""secret.password.generate"": [""OPERATION_ADMITTED"", ""OPERATION_STATE_CHANGED"", ""OPERATION_TERMINAL""], ""secret.resolve.test"": [""OPERATION_ADMITTED"", ""OPERATION_STATE_CHANGED"", ""OPERATION_TERMINAL""], ""secret.rotate"": [""OPERATION_ADMITTED"", ""OPERATION_STATE_CHANGED"", ""OPERATION_TERMINAL""], ""secret.unbind"": [""OPERATION_ADMITTED"", ""OPERATION_STATE_CHANGED"", ""OPERATION_TERMINAL""], ""secret.usage.read"": [""OPERATION_ADMITTED"", ""OPERATION_STATE_CHANGED"", ""OPERATION_TERMINAL""], ""secret.useContext.list"": [""OPERATION_ADMITTED"", ""OPERATION_STATE_CHANGED"", ""OPERATION_TERMINAL""], ""secret.value.read"": [""OPERATION_ADMITTED"", ""OPERATION_STATE_CHANGED"", ""OPERATION_TERMINAL""], ""secret.version.activate"": [""OPERATION_ADMITTED"", ""OPERATION_STATE_CHANGED"", ""OPERATION_TERMINAL""], ""secret.version.create"": [""OPERATION_ADMITTED"", ""OPERATION_STATE_CHANGED"", ""OPERATION_TERMINAL""], ""secret.version.list"": [""OPERATION_ADMITTED"", ""OPERATION_STATE_CHANGED"", ""OPERATION_TERMINAL""], ""selfTest.catalog.list"": [""OPERATION_ADMITTED"", ""OPERATION_STATE_CHANGED"", ""OPERATION_TERMINAL""], ""selfTest.evidence.export"": ""Every admission, transition, child reservation, outcome and manual-review decision records logicalOperationId, correlationId, actor/channel and before/after digests."", ""selfTest.evidence.read"": [""OPERATION_ADMITTED"", ""OPERATION_STATE_CHANGED"", ""OPERATION_TERMINAL""], ""selfTest.faultCatalog.list"": [""OPERATION_ADMITTED"", ""OPERATION_STATE_CHANGED"", ""OPERATION_TERMINAL""], ""selfTest.model.list"": [""OPERATION_ADMITTED"", ""OPERATION_STATE_CHANGED"", ""OPERATION_TERMINAL""], ""selfTest.registeredElement.run"": [""OPERATION_ADMITTED"", ""OPERATION_STATE_CHANGED"", ""OPERATION_TERMINAL""], ""selfTest.run.cancel"": [""OPERATION_ADMITTED"", ""OPERATION_STATE_CHANGED"", ""OPERATION_TERMINAL""], ""selfTest.run.cleanup"": [""OPERATION_ADMITTED"", ""OPERATION_STATE_CHANGED"", ""OPERATION_TERMINAL""], ""selfTest.run.events.read"": [""OPERATION_ADMITTED"", ""OPERATION_STATE_CHANGED"", ""OPERATION_TERMINAL""], ""selfTest.run.history.read"": [""OPERATION_ADMITTED"", ""OPERATION_STATE_CHANGED"", ""OPERATION_TERMINAL""], ""selfTest.run.list"": [""OPERATION_ADMITTED"", ""OPERATION_STATE_CHANGED"", ""OPERATION_TERMINAL""], ""selfTest.run.replay"": [""OPERATION_ADMITTED"", ""OPERATION_STATE_CHANGED"", ""OPERATION_TERMINAL""], ""selfTest.run.shrink"": [""OPERATION_ADMITTED"", ""OPERATION_STATE_CHANGED"", ""OPERATION_TERMINAL""], ""selfTest.run.start"": [""OPERATION_ADMITTED"", ""OPERATION_STATE_CHANGED"", ""OPERATION_TERMINAL""], ""selfTest.run.status"": [""OPERATION_ADMITTED"", ""OPERATION_STATE_CHANGED"", ""OPERATION_TERMINAL""], ""system.capability.list"": [""OPERATION_ADMITTED"", ""OPERATION_STATE_CHANGED"", ""OPERATION_TERMINAL""], ""system.closure.read"": [""OPERATION_ADMITTED"", ""OPERATION_STATE_CHANGED"", ""OPERATION_TERMINAL""], ""system.health.read"": [""OPERATION_ADMITTED"", ""OPERATION_STATE_CHANGED"", ""OPERATION_TERMINAL""], ""system.readiness.read"": [""OPERATION_ADMITTED"", ""OPERATION_STATE_CHANGED"", ""OPERATION_TERMINAL""], ""system.recovery.read"": [""OPERATION_ADMITTED"", ""OPERATION_STATE_CHANGED"", ""OPERATION_TERMINAL""], ""system.version.read"": [""OPERATION_ADMITTED"", ""OPERATION_STATE_CHANGED"", ""OPERATION_TERMINAL""]}",ui/contracts/ui-control-registry.json#/pages/16/actions/3
ui.test.export,Exportovat evidence,selfTest.evidence.export,OWNER_FULL,dashboard.drawer.tests-api,NOT_IN_DASHBOARD_REFERENCE,Dashboard > Actions > tests-api > test.export,CANONICAL_COMMAND,"[""closure/contracts/operation-payloads.json#/records/9/requestSchema""]","{""selfTest.evidence.export"": ""Every admission, transition, child reservation, outcome and manual-review decision records logicalOperationId, correlationId, actor/channel and before/after digests.""}",ui/contracts/ui-control-registry.json#/pages/16/actions/4
ui.security.mfaEnroll,Nastavit MFA,owner.mfa.enroll,OWNER_FULL,dashboard.drawer.security,NOT_IN_DASHBOARD_REFERENCE,Dashboard > Actions > security > security.mfaEnroll,CANONICAL_COMMAND,"[{""catalog"": ""contracts/payload-contracts.json"", ""routeIds"": [""route.0015""]}]","{""owner.mfa.enroll"": [""OPERATION_ADMITTED"", ""OPERATION_STATE_CHANGED"", ""OPERATION_TERMINAL""]}",ui/contracts/ui-control-registry.json#/pages/17/actions/0
ui.security.mfaReset,Resetovat MFA,owner.mfa.reset,OWNER_FULL,dashboard.drawer.security,NOT_IN_DASHBOARD_REFERENCE,Dashboard > Actions > security > security.mfaReset,CANONICAL_COMMAND,"[""closure/contracts/operation-payloads.json#/records/0/requestSchema""]","{""owner.mfa.reset"": ""Every admission, transition, child reservation, outcome and manual-review decision records logicalOperationId, correlationId, actor/channel and before/after digests.""}",ui/contracts/ui-control-registry.json#/pages/17/actions/1
ui.security.recovery,Zobrazit recovery stav,owner.security.read,OWNER_FULL,dashboard.drawer.security,NOT_IN_DASHBOARD_REFERENCE,Dashboard > Actions > security > security.recovery,CANONICAL_COMMAND,"[{""catalog"": ""contracts/payload-contracts.json"", ""routeIds"": [""route.0014""]}]","{""owner.security.read"": [""OPERATION_ADMITTED"", ""OPERATION_STATE_CHANGED"", ""OPERATION_TERMINAL""]}",ui/contracts/ui-control-registry.json#/pages/17/actions/2
ui.security.revokeSession,Revokovat relaci,owner.session.revoke,OWNER_FULL,dashboard.drawer.security,NOT_IN_DASHBOARD_REFERENCE,Dashboard > Actions > security > security.revokeSession,CANONICAL_COMMAND,"[{""catalog"": ""contracts/payload-contracts.json"", ""routeIds"": [""route.0019""]}]","{""owner.session.revoke"": [""OPERATION_ADMITTED"", ""OPERATION_STATE_CHANGED"", ""OPERATION_TERMINAL""]}",ui/contracts/ui-control-registry.json#/pages/17/actions/3
ui.security.revokeOthers,Odhlásit ostatní relace,owner.session.revokeOthers,OWNER_FULL,dashboard.drawer.security,NOT_IN_DASHBOARD_REFERENCE,Dashboard > Actions > security > security.revokeOthers,CANONICAL_COMMAND,"[{""catalog"": ""contracts/payload-contracts.json"", ""routeIds"": [""route.0020""]}]","{""owner.session.revokeOthers"": [""OPERATION_ADMITTED"", ""OPERATION_STATE_CHANGED"", ""OPERATION_TERMINAL""]}",ui/contracts/ui-control-registry.json#/pages/17/actions/4
ui.security.revokeAll,Odhlásit všechny relace,owner.session.revokeAll,OWNER_FULL,dashboard.drawer.security,NOT_IN_DASHBOARD_REFERENCE,Dashboard > Actions > security > security.revokeAll,CANONICAL_COMMAND,"[{""catalog"": ""contracts/payload-contracts.json"", ""routeIds"": [""route.0021""]}]","{""owner.session.revokeAll"": [""OPERATION_ADMITTED"", ""OPERATION_STATE_CHANGED"", ""OPERATION_TERMINAL""]}",ui/contracts/ui-control-registry.json#/pages/17/actions/5
ui.security.changePassword,Změnit heslo v aplikaci,,OWNER_FULL,dashboard.drawer.security,NOT_IN_DASHBOARD_REFERENCE,Dashboard > Actions > security > security.changePassword,UNAVAILABLE,[],{},ui/contracts/ui-control-registry.json#/pages/17/actions/6
ui.release.open,Otevřít release,release.read,OWNER_FULL,dashboard.drawer.releases,NOT_IN_DASHBOARD_REFERENCE,Dashboard > Actions > releases > release.open,CANONICAL_COMMAND,"[{""catalog"": ""contracts/payload-contracts.json"", ""routeIds"": [""route.0469""]}]","{""release.read"": [""OPERATION_ADMITTED"", ""OPERATION_STATE_CHANGED"", ""OPERATION_TERMINAL""]}",ui/contracts/ui-control-registry.json#/pages/18/actions/0
ui.release.activate,Aktivovat,release.activate,OWNER_FULL,dashboard.drawer.releases,NOT_IN_DASHBOARD_REFERENCE,Dashboard > Actions > releases > release.activate,CANONICAL_COMMAND,"[""closure/contracts/operation-payloads.json#/records/10/requestSchema""]","{""release.activate"": ""Every admission, transition, child reservation, outcome and manual-review decision records logicalOperationId, correlationId, actor/channel and before/after digests.""}",ui/contracts/ui-control-registry.json#/pages/18/actions/1
ui.release.rollback,Rollback,release.rollback,OWNER_FULL,dashboard.drawer.releases,NOT_IN_DASHBOARD_REFERENCE,Dashboard > Actions > releases > release.rollback,CANONICAL_COMMAND,"[{""catalog"": ""contracts/payload-contracts.json"", ""routeIds"": [""route.0470""]}]","{""release.rollback"": [""OPERATION_ADMITTED"", ""OPERATION_STATE_CHANGED"", ""OPERATION_TERMINAL""]}",ui/contracts/ui-control-registry.json#/pages/18/actions/2
ui.release.backup,Spustit backup,backup.create,OWNER_FULL,dashboard.drawer.releases,NOT_IN_DASHBOARD_REFERENCE,Dashboard > Actions > releases > release.backup,CANONICAL_COMMAND,"[{""catalog"": ""contracts/payload-contracts.json"", ""routeIds"": [""route.0473""]}]","{""backup.create"": [""OPERATION_ADMITTED"", ""OPERATION_STATE_CHANGED"", ""OPERATION_TERMINAL""]}",ui/contracts/ui-control-registry.json#/pages/18/actions/3
ui.release.restore,Obnovit ze zálohy,backup.restore,OWNER_FULL,dashboard.drawer.releases,NOT_IN_DASHBOARD_REFERENCE,Dashboard > Actions > releases > release.restore,CANONICAL_COMMAND,"[""closure/contracts/operation-payloads.json#/records/11/requestSchema""]","{""backup.restore"": ""Every admission, transition, child reservation, outcome and manual-review decision records logicalOperationId, correlationId, actor/channel and before/after digests.""}",ui/contracts/ui-control-registry.json#/pages/18/actions/4
ui.release.acceptance,Spustit acceptance,acceptance.run.start,OWNER_FULL,dashboard.drawer.releases,NOT_IN_DASHBOARD_REFERENCE,Dashboard > Actions > releases > release.acceptance,CANONICAL_COMMAND,"[""closure/contracts/operation-payloads.json#/records/12/requestSchema""]","{""acceptance.run.start"": ""Every admission, transition, child reservation, outcome and manual-review decision records logicalOperationId, correlationId, actor/channel and before/after digests.""}",ui/contracts/ui-control-registry.json#/pages/18/actions/5
ui.palette.execute,Provést,acceptance.run.cancel|acceptance.run.list|acceptance.run.start|agent.approval.approve|agent.approval.reject|agent.definition.create|agent.definition.list|agent.definition.patch|agent.definition.read|agent.eval.start|agent.evalRun.cases.read|agent.evalRun.read|agent.evalSuite.create|agent.evalSuite.list|agent.evalSuite.read|agent.memory.item.remove|agent.memory.read|agent.memory.write|agent.message.append|agent.repair.request|agent.revision.activate|agent.revision.compatibility|agent.revision.guardrail.list|agent.revision.handoff.list|agent.revision.list|agent.revision.promotionGate.list|agent.revision.publish|agent.revision.read|agent.revision.toolBinding.list|agent.revision.toolBinding.preview|agent.revision.validate|agent.revision.verify|agent.run.approval.list|agent.run.cancel|agent.run.checkpoint.list|agent.run.events.read|agent.run.handoff.list|agent.run.list|agent.run.pause|agent.run.resume|agent.run.start|agent.run.status|agent.run.toolCall.list|agent.session.close|agent.session.compact|agent.session.items.read|agent.session.list|agent.session.read|agent.trigger.create|agent.trigger.list|agent.trigger.patch|agent.trigger.remove|agentic.security.event.list|agentic.security.event.read|agentic.security.evidence.export|audit.archive.list|audit.event.list|audit.event.read|audit.integrity.read|audit.integrity.verify|audit.savedQuery.create|authority.actionPlan.list|authority.context.read|authority.intent.read|authority.lineage.graph|authority.lineage.resolve|backup.create|backup.list|backup.restore|backup.verify|binding.create|binding.list|binding.preview|binding.read|binding.remove|binding.replace|binding.test|browser.account.list|browser.account.logout|browser.account.metadata.patch|browser.account.read|browser.account.reauthenticate|browser.account.save|browser.account.verify|browser.action.attempt.list|browser.action.cancel|browser.action.reconcile|browser.action.resolveOutcome|browser.action.start|browser.action.status|browser.annotation.create|browser.auth.verify|browser.authAttempt.list|browser.automation.activate|browser.automation.artifact.list|browser.automation.artifact.read|browser.automation.authBinding.create|browser.automation.authBinding.list|browser.automation.cancel|browser.automation.create|browser.automation.createFromTeaching|browser.automation.disable|browser.automation.enable|browser.automation.list|browser.automation.metadata.patch|browser.automation.preflight|browser.automation.read|browser.automation.reauthenticate|browser.automation.reconcile|browser.automation.repair|browser.automation.revision.list|browser.automation.revision.publish|browser.automation.revision.read|browser.automation.rollback|browser.automation.run|browser.automation.run.list|browser.automation.run.read|browser.automation.run.step.list|browser.automation.schedule.create|browser.automation.schedule.list|browser.automation.schedule.patch|browser.automation.verify|browser.bridge.assign|browser.bridge.connection.list|browser.bridge.enroll|browser.bridge.list|browser.bridge.profile.list|browser.bridge.read|browser.bridge.release|browser.bridge.revoke|browser.bridge.rotateCertificate|browser.bridge.test|browser.challenge.resolve|browser.cleanup.resume|browser.confirmation.respond|browser.control.acquire|browser.control.read|browser.control.release|browser.control.transfer|browser.control.transfer.list|browser.dialog.respond|browser.document.list|browser.download.list|browser.focus.request|browser.frame.list|browser.navigation.list|browser.observation.request|browser.operationScope.set|browser.page.activate|browser.page.close|browser.page.list|browser.page.open|browser.page.read|browser.permission.respond|browser.preview.latest|browser.preview.resync|browser.preview.ticket.create|browser.research.cancel|browser.research.extract|browser.research.plan|browser.research.publish|browser.research.start|browser.research.verify|browser.run.manualReview|browser.runtimeBuild.verify|browser.session.artifact.list|browser.session.attach|browser.session.close|browser.session.create|browser.session.credentials.submit|browser.session.events.read|browser.session.list|browser.session.pause|browser.session.recover|browser.session.resume|browser.session.snapshot.read|browser.session.state|browser.state.activate|browser.state.capture|browser.state.invalidate|browser.state.verify|browser.stateBundle.list|browser.stateBundle.read|browser.target.list|browser.target.pick|browser.target.revalidate|browser.teaching.compile|browser.teaching.list|browser.teaching.read|browser.teaching.start|browser.teaching.stop|browser.upload.create|chat.ask|chat.browser.control.acquire|chat.browser.control.returnToAi|chat.browser.directive.compile|chat.browser.session.attach|chat.browser.session.create|chat.browser.session.list|chat.browser.target.attach|chat.command.execute|chat.conversation.cancel|chat.conversation.create|chat.conversation.list|chat.conversation.read|chat.message.append|chat.message.list|chat.response.stream|chat.turn.steer|component.activate|component.deregister|component.deregistration.preview|component.disable|component.e2e.start|component.enable|component.export|component.heartbeat.challenge|component.import|component.list|component.metadata.patch|component.quarantine|component.read|component.recertify|component.register|component.release.list|component.repair.request|component.restore|component.retire|component.revision.list|component.revision.publish|component.revision.read|component.rollback|component.state.request|component.suspend|component.suspension.set|component.usage.read|component.validate|component.verify|config.apply|config.export|config.import|config.rollback|config.setting.list|config.setting.read|config.setting.replace|config.setting.reset|config.validate|dashboard.events.read|dashboard.identityCards.list|dashboard.layout.replace|dashboard.topology.read|deployment.list|external.authBinding.create|external.authBinding.list|external.authBinding.patch|external.circuit.close|external.circuit.open|external.circuit.reset|external.request.list|external.target.create|external.target.list|external.target.patch|external.target.read|external.target.test|external.targetBinding.create|external.targetBinding.list|external.targetBinding.remove|external.webhook.list|external.webhook.test|generation.activationSet.read|generation.artifact.list|generation.artifactManifest.list|generation.authority.read|generation.blocker.list|generation.blocker.resolve|generation.capability.resolve|generation.capabilitySnapshot.list|generation.checkpoint.list|generation.contractCandidate.list|generation.fact.list|generation.job.cancel|generation.job.create|generation.job.events.read|generation.job.followUp|generation.job.list|generation.job.read|generation.job.resume|generation.job.retry|generation.job.snapshot.read|generation.message.append|generation.message.list|generation.ownerDecision.list|generation.phase.list|generation.phase.read|generation.plan.list|generation.plan.read|generation.plan.validate|generation.research.bind|generation.research.refresh|generation.source.add|generation.source.list|generation.source.read|generation.spec.approve|generation.spec.current|generation.spec.precheck|generation.spec.revision.list|generation.spec.revision.read|generation.toolEvent.list|generation.turn.interrupt|generation.turn.list|generation.validation.run|generation.validationRun.list|generation.validationRun.read|generation.workspace.file.list|generation.workspace.patch.list|generation.workspace.revision.list|generation.workspace.revision.read|log.correlation.read|log.export|log.query|log.stream|maintenance.service.restart|mcp.alias.create|mcp.alias.list|mcp.alias.preview|mcp.alias.remove|mcp.callRun.events.read|mcp.callRun.list|mcp.callRun.outcome.read|mcp.callRun.read|mcp.catalog.prompt.list|mcp.catalog.prompt.read|mcp.catalog.resource.list|mcp.catalog.resource.read|mcp.catalog.resourceTemplate.list|mcp.catalog.resourceTemplate.read|mcp.catalog.tool.callers.list|mcp.catalog.tool.list|mcp.catalog.tool.read|mcp.catalog.tool.register|mcp.catalog.tool.revision.list|mcp.catalog.tool.usage.read|mcp.contract.compatibility|mcp.contract.validate|mcp.discovery.snapshot|mcp.discovery.snapshot.diff|mcp.discovery.snapshot.list|mcp.discovery.snapshot.read|mcp.era.probe|mcp.input.respond|mcp.inputExchange.list|mcp.inputExchange.read|mcp.registrationProbe.list|mcp.requestEvent.list|mcp.requestEvent.raw.read|mcp.requestEvent.read|mcp.stateHandle.close|mcp.stateHandle.list|mcp.stateHandle.read|mcp.subscription.cancel|mcp.subscription.list|mcp.subscription.notifications.read|mcp.subscription.read|mcp.task.events.read|mcp.task.list|mcp.tools.cancel|mcp.tools.reconcile|mcp.wire.verify|monitor.alert.acknowledge|monitor.alert.close|monitor.alert.delivery.list|monitor.alert.list|monitor.alert.read|monitor.alert.suppress|monitor.channel.test|monitor.overview.read|monitor.probe.list|monitor.probe.request|monitor.profile.list|monitor.profile.replace|monitor.stateHistory.read|openai.modelCall.checkpoint.list|openai.modelCall.continuation.list|openai.modelCall.events.read|openai.modelCall.list|openai.modelCall.outputItem.list|openai.modelCall.read|openai.modelCall.reconcile|openai.modelCall.requestCancel|openai.modelCall.requestDescriptor.read|openai.modelCall.resumeStream|openai.modelCall.retrieve|openai.modelCall.toolDispatch.list|openai.modelCapability.list|openai.modelCapability.read|openai.modelCapability.refresh|operation.catalog.list|operation.invoke|owner.auth.logout|owner.mfa.enroll|owner.mfa.reset|owner.mfa.verify|owner.recoveryCodes.rotate|owner.security.read|owner.session.current|owner.session.list|owner.session.reauthenticate|owner.session.revoke|owner.session.revokeAll|owner.session.revokeOthers|ownerApiKey.read|ownerApiKey.reveal|ownerApiKey.rotate|ownerApiKey.session.exchange|ownerApiKey.usage.read|provenance.content.graph|provenance.content.read|provenance.valueDerivation.list|release.activate|release.list|release.read|release.rollback|runtime.boundary.evidence.read|runtime.boundary.verify|runtime.call.list|runtime.cleanup.read|runtime.connection.inspect|runtime.connection.list|runtime.drain|runtime.execution.list|runtime.execution.read|runtime.instance.list|runtime.instance.read|runtime.instance.reconcile|runtime.instance.restart|runtime.process.list|runtime.sandbox.read|runtime.workerHeartbeat.list|secret.bind|secret.binding.bulkApply|secret.binding.bulkPreview|secret.binding.list|secret.create|secret.delete|secret.export|secret.import|secret.list|secret.metadata.patch|secret.metadata.read|secret.password.generate|secret.resolve.test|secret.rotate|secret.unbind|secret.usage.read|secret.useContext.list|secret.value.read|secret.version.activate|secret.version.create|secret.version.list|selfTest.catalog.list|selfTest.evidence.export|selfTest.evidence.read|selfTest.faultCatalog.list|selfTest.model.list|selfTest.registeredElement.run|selfTest.run.cancel|selfTest.run.cleanup|selfTest.run.events.read|selfTest.run.history.read|selfTest.run.list|selfTest.run.replay|selfTest.run.shrink|selfTest.run.start|selfTest.run.status|system.capability.list|system.closure.read|system.health.read|system.readiness.read|system.recovery.read|system.version.read,OWNER_FULL,dashboard.drawer.command-palette,NOT_IN_DASHBOARD_REFERENCE,Dashboard > Actions > command-palette > palette.execute,CANONICAL_COMMAND,"[""closure/contracts/operation-payloads.json#/records/13/requestSchema"", {""catalog"": ""contracts/payload-contracts.json"", ""routeIds"": [""route.0475""]}, ""closure/contracts/operation-payloads.json#/records/12/requestSchema"", {""catalog"": ""contracts/payload-contracts.json"", ""routeIds"": [""route.0168""]}, {""catalog"": ""contracts/payload-contracts.json"", ""routeIds"": [""route.0169""]}, {""catalog"": ""contracts/payload-contracts.json"", ""routeIds"": [""route.0138""]}, {""catalog"": ""contracts/payload-contracts.json"", ""routeIds"": [""route.0137""]}, {""catalog"": ""contracts/payload-contracts.json"", ""routeIds"": [""route.0140""]}, {""catalog"": ""contracts/payload-contracts.json"", ""routeIds"": [""route.0139""]}, {""catalog"": ""contracts/payload-contracts.json"", ""routeIds"": [""route.0182""]}, {""catalog"": ""contracts/payload-contracts.json"", ""routeIds"": [""route.0184""]}, {""catalog"": ""contracts/payload-contracts.json"", ""routeIds"": [""route.0183""]}, {""catalog"": ""contracts/payload-contracts.json"", ""routeIds"": [""route.0180""]}, {""catalog"": ""contracts/payload-contracts.json"", ""routeIds"": [""route.0179""]}, {""catalog"": ""contracts/payload-contracts.json"", ""routeIds"": [""route.0181""]}, {""catalog"": ""contracts/payload-contracts.json"", ""routeIds"": [""route.0178""]}, {""catalog"": ""contracts/payload-contracts.json"", ""routeIds"": [""route.0175"", ""route.0176""]}, {""catalog"": ""contracts/payload-contracts.json"", ""routeIds"": [""route.0177""]}, {""catalog"": ""contracts/payload-contracts.json"", ""routeIds"": [""route.0161""]}, {""catalog"": ""contracts/payload-contracts.json"", ""routeIds"": [""route.0155""]}, {""catalog"": ""contracts/payload-contracts.json"", ""routeIds"": [""route.0146""]}, {""catalog"": ""contracts/payload-contracts.json"", ""routeIds"": [""route.0147""]}, {""catalog"": ""contracts/payload-contracts.json"", ""routeIds"": [""route.0151""]}, {""catalog"": ""contracts/payload-contracts.json"", ""routeIds"": [""route.0150""]}, {""catalog"": ""contracts/payload-contracts.json"", ""routeIds"": [""route.0141""]}, {""catalog"": ""contracts/payload-contracts.json"", ""routeIds"": [""route.0152""]}, {""catalog"": ""contracts/payload-contracts.json"", ""routeIds"": [""route.0142""]}, {""catalog"": ""contracts/payload-contracts.json"", ""routeIds"": [""route.0143""]}, {""catalog"": ""contracts/payload-contracts.json"", ""routeIds"": [""route.0148""]}, {""catalog"": ""contracts/payload-contracts.json"", ""routeIds"": [""route.0149""]}, {""catalog"": ""contracts/payload-contracts.json"", ""routeIds"": [""route.0144""]}, {""catalog"": ""contracts/payload-contracts.json"", ""routeIds"": [""route.0145""]}, {""catalog"": ""contracts/payload-contracts.json"", ""routeIds"": [""route.0167""]}, {""catalog"": ""contracts/payload-contracts.json"", ""routeIds"": [""route.0164""]}, {""catalog"": ""contracts/payload-contracts.json"", ""routeIds"": [""route.0160""]}, {""catalog"": ""contracts/payload-contracts.json"", ""routeIds"": [""route.0159""]}, {""catalog"": ""contracts/payload-contracts.json"", ""routeIds"": [""route.0166""]}, {""catalog"": ""contracts/payload-contracts.json"", ""routeIds"": [""route.0157""]}, {""catalog"": ""contracts/payload-contracts.json"", ""routeIds"": [""route.0162""]}, {""catalog"": ""contracts/payload-contracts.json"", ""routeIds"": [""route.0163""]}, {""catalog"": ""contracts/payload-contracts.json"", ""routeIds"": [""route.0156""]}, {""catalog"": ""contracts/payload-contracts.json"", ""routeIds"": [""route.0158""]}, {""catalog"": ""contracts/payload-contracts.json"", ""routeIds"": [""route.0165""]}, {""catalog"": ""contracts/payload-contracts.json"", ""routeIds"": [""route.0174""]}, {""catalog"": ""contracts/payload-contracts.json"", ""routeIds"": [""route.0173""]}, {""catalog"": ""contracts/payload-contracts.json"", ""routeIds"": [""route.0172""]}, {""catalog"": ""contracts/payload-contracts.json"", ""routeIds"": [""route.0170""]}, {""catalog"": ""contracts/payload-contracts.json"", ""routeIds"": [""route.0171""]}, {""catalog"": ""contracts/payload-contracts.json"", ""routeIds"": [""route.0186""]}, {""catalog"": ""contracts/payload-contracts.json"", ""routeIds"": [""route.0185""]}, {""catalog"": ""contracts/payload-contracts.json"", ""routeIds"": [""route.0187""]}, {""catalog"": ""contracts/payload-contracts.json"", ""routeIds"": [""route.0188""]}, {""catalog"": ""contracts/payload-contracts.json"", ""routeIds"": [""route.0505""]}, {""catalog"": ""contracts/payload-contracts.json"", ""routeIds"": [""route.0506""]}, {""catalog"": ""contracts/payload-contracts.json"", ""routeIds"": [""route.0508""]}, {""catalog"": ""contracts/payload-contracts.json"", ""routeIds"": [""route.0455""]}, {""catalog"": ""contracts/payload-contracts.json"", ""routeIds"": [""route.0063"", ""route.0263"", ""route.0451""]}, {""catalog"": ""contracts/payload-contracts.json"", ""routeIds"": [""route.0452""]}, {""catalog"": ""contracts/payload-contracts.json"", ""routeIds"": [""route.0453""]}, {""catalog"": ""contracts/payload-contracts.json"", ""routeIds"": [""route.0454""]}, ""closure/contracts/operation-payloads.json#/records/7/requestSchema"", {""catalog"": ""contracts/payload-contracts.json"", ""routeIds"": [""route.0500""]}, {""catalog"": ""contracts/payload-contracts.json"", ""routeIds"": [""route.0499""]}, {""catalog"": ""contracts/payload-contracts.json"", ""routeIds"": [""route.0498""]}, {""catalog"": ""contracts/payload-contracts.json"", ""routeIds"": [""route.0497""]}, {""catalog"": ""contracts/payload-contracts.json"", ""routeIds"": [""route.0496""]}, {""catalog"": ""contracts/payload-contracts.json"", ""routeIds"": [""route.0473""]}, {""catalog"": ""contracts/payload-contracts.json"", ""routeIds"": [""route.0472""]}, ""closure/contracts/operation-payloads.json#/records/11/requestSchema"", {""catalog"": ""contracts/payload-contracts.json"", ""routeIds"": [""route.0474""]}, {""catalog"": ""contracts/payload-contracts.json"", ""routeIds"": [""route.0031""]}, {""catalog"": ""contracts/payload-contracts.json"", ""routeIds"": [""route.0064"", ""route.0417""]}, {""catalog"": ""contracts/payload-contracts.json"", ""routeIds"": [""route.0030"", ""route.0419""]}, {""catalog"": ""contracts/payload-contracts.json"", ""routeIds"": [""route.0418""]}, {""catalog"": ""contracts/payload-contracts.json"", ""routeIds"": [""route.0033""]}, {""catalog"": ""contracts/payload-contracts.json"", ""routeIds"": [""route.0032""]}, {""catalog"": ""contracts/payload-contracts.json"", ""routeIds"": [""route.0420""]}, {""catalog"": ""contracts/payload-contracts.json"", ""routeIds"": [""route.0325""]}, {""catalog"": ""contracts/payload-contracts.json"", ""routeIds"": [""route.0331""]}, {""catalog"": ""contracts/payload-contracts.json"", ""routeIds"": [""route.0328""]}, {""catalog"": ""contracts/payload-contracts.json"", ""routeIds"": [""route.0327""]}, {""catalog"": ""contracts/payload-contracts.json"", ""routeIds"": [""route.0330""]}, {""catalog"": ""contracts/payload-contracts.json"", ""routeIds"": [""route.0269"", ""route.0310"", ""route.0326""]}, {""catalog"": ""contracts/payload-contracts.json"", ""routeIds"": [""route.0329""]}, {""catalog"": ""contracts/payload-contracts.json"", ""routeIds"": [""route.0294""]}, {""catalog"": ""contracts/payload-contracts.json"", ""routeIds"": [""route.0295""]}, {""catalog"": ""contracts/payload-contracts.json"", ""routeIds"": [""route.0296""]}, {""catalog"": ""contracts/payload-contracts.json"", ""routeIds"": [""route.0297""]}, {""catalog"": ""contracts/payload-contracts.json"", ""routeIds"": [""route.0292""]}, {""catalog"": ""contracts/payload-contracts.json"", ""routeIds"": [""route.0293""]}, null, {""catalog"": ""contracts/payload-contracts.json"", ""routeIds"": [""route.0308""]}, {""catalog"": ""contracts/payload-contracts.json"", ""routeIds"": [""route.0309""]}, {""catalog"": ""contracts/payload-contracts.json"", ""routeIds"": [""route.0356""]}, {""catalog"": ""contracts/payload-contracts.json"", ""routeIds"": [""route.0380""]}, {""catalog"": ""contracts/payload-contracts.json"", ""routeIds"": [""route.0381""]}, {""catalog"": ""contracts/payload-contracts.json"", ""routeIds"": [""route.0359""]}, {""catalog"": ""contracts/payload-contracts.json"", ""routeIds"": [""route.0358""]}, {""catalog"": ""contracts/payload-contracts.json"", ""routeIds"": [""route.0375""]}, {""catalog"": ""contracts/payload-contracts.json"", ""routeIds"": [""route.0348""]}, ""closure/contracts/operation-payloads.json#/records/2/requestSchema"", {""catalog"": ""contracts/payload-contracts.json"", ""routeIds"": [""route.0383""]}, {""catalog"": ""contracts/payload-contracts.json"", ""routeIds"": [""route.0382""]}, {""catalog"": ""contracts/payload-contracts.json"", ""routeIds"": [""route.0347""]}, {""catalog"": ""contracts/payload-contracts.json"", ""routeIds"": [""route.0350""]}, {""catalog"": ""contracts/payload-contracts.json"", ""routeIds"": [""route.0274"", ""route.0354""]}, {""catalog"": ""contracts/payload-contracts.json"", ""routeIds"": [""route.0349""]}, {""catalog"": ""contracts/payload-contracts.json"", ""routeIds"": [""route.0376""]}, {""catalog"": ""contracts/payload-contracts.json"", ""routeIds"": [""route.0377""]}, {""catalog"": ""contracts/payload-contracts.json"", ""routeIds"": [""route.0384""]}, {""catalog"": ""contracts/payload-contracts.json"", ""routeIds"": [""route.0351""]}, {""catalog"": ""contracts/payload-contracts.json"", ""routeIds"": [""route.0352""]}, {""catalog"": ""contracts/payload-contracts.json"", ""routeIds"": [""route.0353""]}, {""catalog"": ""contracts/payload-contracts.json"", ""routeIds"": [""route.0357""]}, {""catalog"": ""contracts/payload-contracts.json"", ""routeIds"": [""route.0275"", ""route.0367""]}, {""catalog"": ""contracts/payload-contracts.json"", ""routeIds"": [""route.0368""]}, {""catalog"": ""contracts/payload-contracts.json"", ""routeIds"": [""route.0369""]}, {""catalog"": ""contracts/payload-contracts.json"", ""routeIds"": [""route.0371""]}, {""catalog"": ""contracts/payload-contracts.json"", ""routeIds"": [""route.0361""]}, {""catalog"": ""contracts/payload-contracts.json"", ""routeIds"": [""route.0360""]}, {""catalog"": ""contracts/payload-contracts.json"", ""routeIds"": [""route.0362""]}, {""catalog"": ""contracts/payload-contracts.json"", ""routeIds"": [""route.0355""]}, {""schemaId"": ""urn:kcml:r9:operation:browser.bridge.assign:command""}, {""catalog"": ""contracts/payload-contracts.json"", ""routeIds"": [""route.0342""]}, {""catalog"": ""contracts/payload-contracts.json"", ""routeIds"": [""route.0339""]}, {""catalog"": ""contracts/payload-contracts.json"", ""routeIds"": [""route.0338""]}, {""catalog"": ""contracts/payload-contracts.json"", ""routeIds"": [""route.0343""]}, {""catalog"": ""contracts/payload-contracts.json"", ""routeIds"": [""route.0341""]}, {""schemaId"": ""urn:kcml:r9:operation:browser.bridge.release:command""}, {""catalog"": ""contracts/payload-contracts.json"", ""routeIds"": [""route.0346""]}, {""catalog"": ""contracts/payload-contracts.json"", ""routeIds"": [""route.0345""]}, {""catalog"": ""contracts/payload-contracts.json"", ""routeIds"": [""route.0344""]}, {""catalog"": ""contracts/payload-contracts.json"", ""routeIds"": [""route.0314"", ""route.0379""]}, {""schemaId"": ""urn:kcml:r9:operation:browser.cleanup.resume:command""}, {""catalog"": ""contracts/payload-contracts.json"", ""routeIds"": [""route.0271""]}, {""catalog"": ""contracts/payload-contracts.json"", ""routeIds"": [""route.0276"", ""route.0299"", ""route.0372""]}, {""catalog"": ""contracts/payload-contracts.json"", ""routeIds"": [""route.0298""]}, {""catalog"": ""contracts/payload-contracts.json"", ""routeIds"": [""route.0300"", ""route.0373""]}, {""catalog"": ""contracts/payload-contracts.json"", ""routeIds"": [""route.0374""]}, {""catalog"": ""contracts/payload-contracts.json"", ""routeIds"": [""route.0302""]}, {""catalog"": ""contracts/payload-contracts.json"", ""routeIds"": [""route.0312""]}, {""catalog"": ""contracts/payload-contracts.json"", ""routeIds"": [""route.0289""]}, {""catalog"": ""contracts/payload-contracts.json"", ""routeIds"": [""route.0321""]}, null, {""catalog"": ""contracts/payload-contracts.json"", ""routeIds"": [""route.0288""]}, {""catalog"": ""contracts/payload-contracts.json"", ""routeIds"": [""route.0290""]}, {""catalog"": ""contracts/payload-contracts.json"", ""routeIds"": [""route.0291""]}, {""catalog"": ""contracts/payload-contracts.json"", ""routeIds"": [""route.0270"", ""route.0303""]}, {""catalog"": ""contracts/payload-contracts.json"", ""routeIds"": [""route.0286""]}, {""catalog"": ""contracts/payload-contracts.json"", ""routeIds"": [""route.0287""]}, {""catalog"": ""contracts/payload-contracts.json"", ""routeIds"": [""route.0283""]}, {""catalog"": ""contracts/payload-contracts.json"", ""routeIds"": [""route.0284""]}, {""catalog"": ""contracts/payload-contracts.json"", ""routeIds"": [""route.0285""]}, {""catalog"": ""contracts/payload-contracts.json"", ""routeIds"": [""route.0313""]}, {""catalog"": ""contracts/payload-contracts.json"", ""routeIds"": [""route.0266"", ""route.0323""]}, {""schemaId"": ""urn:kcml:r9:operation:browser.preview.resync:command""}, {""catalog"": ""contracts/payload-contracts.json"", ""routeIds"": [""route.0322""]}, ""r11/contracts/r10-route-payloads.json#/records/6/requestSchema"", ""r11/contracts/r10-route-payloads.json#/records/3/requestSchema"", ""r11/contracts/r10-route-payloads.json#/records/2/requestSchema"", ""r11/contracts/r10-route-payloads.json#/records/5/requestSchema"", ""r11/contracts/r10-route-payloads.json#/records/1/requestSchema"", ""r11/contracts/r10-route-payloads.json#/records/4/requestSchema"", {""catalog"": ""contracts/payload-contracts.json"", ""routeIds"": [""route.0378""]}, {""schemaId"": ""urn:kcml:r9:operation:browser.runtimeBuild.verify:command""}, {""catalog"": ""contracts/payload-contracts.json"", ""routeIds"": [""route.0319""]}, {""catalog"": ""contracts/payload-contracts.json"", ""routeIds"": [""route.0267""]}, {""catalog"": ""contracts/payload-contracts.json"", ""routeIds"": [""route.0318""]}, {""catalog"": ""contracts/payload-contracts.json"", ""routeIds"": [""route.0265"", ""route.0279""]}, {""catalog"": ""contracts/payload-contracts.json"", ""routeIds"": [""route.0268"", ""route.0307""]}, {""catalog"": ""contracts/payload-contracts.json"", ""routeIds"": [""route.0282""]}, {""catalog"": ""contracts/payload-contracts.json"", ""routeIds"": [""route.0278""]}, {""catalog"": ""contracts/payload-contracts.json"", ""routeIds"": [""route.0315""]}, {""catalog"": ""contracts/payload-contracts.json"", ""routeIds"": [""route.0317""]}, {""catalog"": ""contracts/payload-contracts.json"", ""routeIds"": [""route.0316""]}, {""catalog"": ""contracts/payload-contracts.json"", ""routeIds"": [""route.0281""]}, {""catalog"": ""contracts/payload-contracts.json"", ""routeIds"": [""route.0264"", ""route.0280"", ""route.0370""]}, {""catalog"": ""contracts/payload-contracts.json"", ""routeIds"": [""route.0336""]}, {""catalog"": ""contracts/payload-contracts.json"", ""routeIds"": [""route.0311""]}, {""catalog"": ""contracts/payload-contracts.json"", ""routeIds"": [""route.0332"", ""route.0337""]}, {""catalog"": ""contracts/payload-contracts.json"", ""routeIds"": [""route.0335""]}, {""catalog"": ""contracts/payload-contracts.json"", ""routeIds"": [""route.0333""]}, {""catalog"": ""contracts/payload-contracts.json"", ""routeIds"": [""route.0334""]}, {""catalog"": ""contracts/payload-contracts.json"", ""routeIds"": [""route.0304""]}, {""catalog"": ""contracts/payload-contracts.json"", ""routeIds"": [""route.0305""]}, {""catalog"": ""contracts/payload-contracts.json"", ""routeIds"": [""route.0306""]}, {""catalog"": ""contracts/payload-contracts.json"", ""routeIds"": [""route.0366""]}, {""catalog"": ""contracts/payload-contracts.json"", ""routeIds"": [""route.0272""]}, {""catalog"": ""contracts/payload-contracts.json"", ""routeIds"": [""route.0364""]}, {""catalog"": ""contracts/payload-contracts.json"", ""routeIds"": [""route.0273"", ""route.0363""]}, {""catalog"": ""contracts/payload-contracts.json"", ""routeIds"": [""route.0365""]}, {""catalog"": ""contracts/payload-contracts.json"", ""routeIds"": [""route.0320""]}, {""catalog"": ""contracts/payload-contracts.json"", ""routeIds"": [""route.0199""]}, {""schemaId"": ""urn:kcml:r9:operation:chat.browser.control.acquire:command""}, {""catalog"": ""contracts/payload-contracts.json"", ""routeIds"": [""route.0277"", ""route.0301""]}, ""r11/contracts/r10-route-payloads.json#/records/0/requestSchema"", {""catalog"": ""contracts/payload-contracts.json"", ""routeIds"": [""route.0198""]}, {""catalog"": ""contracts/payload-contracts.json"", ""routeIds"": [""route.0197""]}, {""catalog"": ""contracts/payload-contracts.json"", ""routeIds"": [""route.0196""]}, {""schemaId"": ""urn:kcml:r9:operation:chat.browser.target.attach:command""}, {""schemaId"": ""urn:kcml:r9:operation:chat.command.execute:command""}, {""catalog"": ""contracts/payload-contracts.json"", ""routeIds"": [""route.0195""]}, {""catalog"": ""contracts/payload-contracts.json"", ""routeIds"": [""route.0190""]}, {""catalog"": ""contracts/payload-contracts.json"", ""routeIds"": [""route.0189""]}, {""catalog"": ""contracts/payload-contracts.json"", ""routeIds"": [""route.0191""]}, {""catalog"": ""contracts/payload-contracts.json"", ""routeIds"": [""route.0193""]}, {""catalog"": ""contracts/payload-contracts.json"", ""routeIds"": [""route.0192""]}, {""catalog"": ""contracts/payload-contracts.json"", ""routeIds"": [""route.0194""]}, ""closure/contracts/operation-payloads.json#/records/1/requestSchema"", {""catalog"": ""contracts/payload-contracts.json"", ""routeIds"": [""route.0050"", ""route.0076""]}, {""catalog"": ""contracts/payload-contracts.json"", ""routeIds"": [""route.0036""]}, {""catalog"": ""contracts/payload-contracts.json"", ""routeIds"": [""route.0035""]}, {""catalog"": ""contracts/payload-contracts.json"", ""routeIds"": [""route.0052"", ""route.0154""]}, {""catalog"": ""contracts/payload-contracts.json"", ""routeIds"": [""route.0059""]}, {""catalog"": ""contracts/payload-contracts.json"", ""routeIds"": [""route.0051"", ""route.0153""]}, ""closure/contracts/operation-payloads.json#/records/4/requestSchema"", {""catalog"": ""contracts/payload-contracts.json"", ""routeIds"": [""route.0061""]}, ""closure/contracts/operation-payloads.json#/records/3/requestSchema"", {""catalog"": ""contracts/payload-contracts.json"", ""routeIds"": [""route.0041"", ""route.0067""]}, {""catalog"": ""contracts/payload-contracts.json"", ""routeIds"": [""route.0044"", ""route.0070""]}, {""catalog"": ""contracts/payload-contracts.json"", ""routeIds"": [""route.0054""]}, {""catalog"": ""contracts/payload-contracts.json"", ""routeIds"": [""route.0043"", ""route.0069""]}, {""catalog"": ""contracts/payload-contracts.json"", ""routeIds"": [""route.0058""]}, {""catalog"": ""contracts/payload-contracts.json"", ""routeIds"": [""route.0042"", ""route.0068""]}, {""catalog"": ""contracts/payload-contracts.json"", ""routeIds"": [""route.0047"", ""route.0261""]}, {""catalog"": ""contracts/payload-contracts.json"", ""routeIds"": [""route.0057""]}, {""catalog"": ""contracts/payload-contracts.json"", ""routeIds"": [""route.0055""]}, ""closure/contracts/operation-payloads.json#/records/5/requestSchema"", {""catalog"": ""contracts/payload-contracts.json"", ""routeIds"": [""route.0045"", ""route.0071""]}, {""catalog"": ""contracts/payload-contracts.json"", ""routeIds"": [""route.0046"", ""route.0072""]}, {""catalog"": ""contracts/payload-contracts.json"", ""routeIds"": [""route.0073""]}, {""catalog"": ""contracts/payload-contracts.json"", ""routeIds"": [""route.0056""]}, {""catalog"": ""contracts/payload-contracts.json"", ""routeIds"": [""route.0060""]}, {""catalog"": ""contracts/payload-contracts.json"", ""routeIds"": [""route.0053""]}, {""catalog"": ""contracts/payload-contracts.json"", ""routeIds"": [""route.0034""]}, {""catalog"": ""contracts/payload-contracts.json"", ""routeIds"": [""route.0066""]}, {""catalog"": ""contracts/payload-contracts.json"", ""routeIds"": [""route.0048"", ""route.0074""]}, {""catalog"": ""contracts/payload-contracts.json"", ""routeIds"": [""route.0049"", ""route.0075""]}, {""catalog"": ""contracts/payload-contracts.json"", ""routeIds"": [""route.0465""]}, {""catalog"": ""contracts/payload-contracts.json"", ""routeIds"": [""route.0466""]}, {""catalog"": ""contracts/payload-contracts.json"", ""routeIds"": [""route.0467""]}, ""closure/contracts/operation-payloads.json#/records/8/requestSchema"", {""catalog"": ""contracts/payload-contracts.json"", ""routeIds"": [""route.0460""]}, {""catalog"": ""contracts/payload-contracts.json"", ""routeIds"": [""route.0461""]}, {""catalog"": ""contracts/payload-contracts.json"", ""routeIds"": [""route.0462""]}, {""catalog"": ""contracts/payload-contracts.json"", ""routeIds"": [""route.0463""]}, {""catalog"": ""contracts/payload-contracts.json"", ""routeIds"": [""route.0464""]}, {""catalog"": ""contracts/payload-contracts.json"", ""routeIds"": [""route.0028""]}, {""catalog"": ""contracts/payload-contracts.json"", ""routeIds"": [""route.0029""]}, {""catalog"": ""contracts/payload-contracts.json"", ""routeIds"": [""route.0027""]}, {""catalog"": ""contracts/payload-contracts.json"", ""routeIds"": [""route.0026""]}, {""catalog"": ""contracts/payload-contracts.json"", ""routeIds"": [""route.0471""]}, {""catalog"": ""contracts/payload-contracts.json"", ""routeIds"": [""route.0429""]}, {""catalog"": ""contracts/payload-contracts.json"", ""routeIds"": [""route.0428""]}, {""catalog"": ""contracts/payload-contracts.json"", ""routeIds"": [""route.0430""]}, {""catalog"": ""contracts/payload-contracts.json"", ""routeIds"": [""route.0427""]}, {""catalog"": ""contracts/payload-contracts.json"", ""routeIds"": [""route.0426""]}, ""closure/contracts/operation-payloads.json#/records/6/requestSchema"", {""catalog"": ""contracts/payload-contracts.json"", ""routeIds"": [""route.0434""]}, {""catalog"": ""contracts/payload-contracts.json"", ""routeIds"": [""route.0422""]}, {""catalog"": ""contracts/payload-contracts.json"", ""routeIds"": [""route.0421""]}, {""catalog"": ""contracts/payload-contracts.json"", ""routeIds"": [""route.0424""]}, {""catalog"": ""contracts/payload-contracts.json"", ""routeIds"": [""route.0423""]}, {""catalog"": ""contracts/payload-contracts.json"", ""routeIds"": [""route.0425""]}, {""catalog"": ""contracts/payload-contracts.json"", ""routeIds"": [""route.0432""]}, {""catalog"": ""contracts/payload-contracts.json"", ""routeIds"": [""route.0431""]}, {""catalog"": ""contracts/payload-contracts.json"", ""routeIds"": [""route.0433""]}, {""catalog"": ""contracts/payload-contracts.json"", ""routeIds"": [""route.0435""]}, {""catalog"": ""contracts/payload-contracts.json"", ""routeIds"": [""route.0436""]}, {""catalog"": ""contracts/payload-contracts.json"", ""routeIds"": [""route.0256""]}, {""catalog"": ""contracts/payload-contracts.json"", ""routeIds"": [""route.0250""]}, {""catalog"": ""contracts/payload-contracts.json"", ""routeIds"": [""route.0249""]}, {""catalog"": ""contracts/payload-contracts.json"", ""routeIds"": [""route.0235""]}, {""catalog"": ""contracts/payload-contracts.json"", ""routeIds"": [""route.0254""]}, {""catalog"": ""contracts/payload-contracts.json"", ""routeIds"": [""route.0255""]}, {""catalog"": ""contracts/payload-contracts.json"", ""routeIds"": [""route.0229""]}, {""catalog"": ""contracts/payload-contracts.json"", ""routeIds"": [""route.0228""]}, {""catalog"": ""contracts/payload-contracts.json"", ""routeIds"": [""route.0241""]}, {""catalog"": ""contracts/payload-contracts.json"", ""routeIds"": [""route.0248""]}, {""catalog"": ""contracts/payload-contracts.json"", ""routeIds"": [""route.0226""]}, {""catalog"": ""contracts/payload-contracts.json"", ""routeIds"": [""route.0257""]}, {""catalog"": ""contracts/payload-contracts.json"", ""routeIds"": [""route.0215""]}, {""catalog"": ""contracts/payload-contracts.json"", ""routeIds"": [""route.0222""]}, {""catalog"": ""contracts/payload-contracts.json"", ""routeIds"": [""route.0259""]}, {""catalog"": ""contracts/payload-contracts.json"", ""routeIds"": [""route.0216""]}, {""catalog"": ""contracts/payload-contracts.json"", ""routeIds"": [""route.0217""]}, {""catalog"": ""contracts/payload-contracts.json"", ""routeIds"": [""route.0260""]}, {""catalog"": ""contracts/payload-contracts.json"", ""routeIds"": [""route.0258""]}, {""catalog"": ""contracts/payload-contracts.json"", ""routeIds"": [""route.0218""]}, {""catalog"": ""contracts/payload-contracts.json"", ""routeIds"": [""route.0220""]}, {""catalog"": ""contracts/payload-contracts.json"", ""routeIds"": [""route.0219""]}, {""catalog"": ""contracts/payload-contracts.json"", ""routeIds"": [""route.0227""]}, {""catalog"": ""contracts/payload-contracts.json"", ""routeIds"": [""route.0239""]}, {""catalog"": ""contracts/payload-contracts.json"", ""routeIds"": [""route.0240""]}, {""catalog"": ""contracts/payload-contracts.json"", ""routeIds"": [""route.0236""]}, {""catalog"": ""contracts/payload-contracts.json"", ""routeIds"": [""route.0237""]}, {""catalog"": ""contracts/payload-contracts.json"", ""routeIds"": [""route.0238""]}, ""r11/contracts/r10-route-payloads.json#/records/7/requestSchema"", ""r11/contracts/r10-route-payloads.json#/records/8/requestSchema"", {""catalog"": ""contracts/payload-contracts.json"", ""routeIds"": [""route.0224""]}, {""catalog"": ""contracts/payload-contracts.json"", ""routeIds"": [""route.0223""]}, {""catalog"": ""contracts/payload-contracts.json"", ""routeIds"": [""route.0225""]}, {""catalog"": ""contracts/payload-contracts.json"", ""routeIds"": [""route.0234""]}, {""catalog"": ""contracts/payload-contracts.json"", ""routeIds"": [""route.0230""]}, {""catalog"": ""contracts/payload-contracts.json"", ""routeIds"": [""route.0233""]}, {""catalog"": ""contracts/payload-contracts.json"", ""routeIds"": [""route.0231""]}, {""catalog"": ""contracts/payload-contracts.json"", ""routeIds"": [""route.0232""]}, {""catalog"": ""contracts/payload-contracts.json"", ""routeIds"": [""route.0243""]}, {""schemaId"": ""urn:kcml:r9:operation:generation.turn.interrupt:command""}, {""catalog"": ""contracts/payload-contracts.json"", ""routeIds"": [""route.0221""]}, {""catalog"": ""contracts/payload-contracts.json"", ""routeIds"": [""route.0253""]}, {""catalog"": ""contracts/payload-contracts.json"", ""routeIds"": [""route.0251""]}, {""catalog"": ""contracts/payload-contracts.json"", ""routeIds"": [""route.0252""]}, {""catalog"": ""contracts/payload-contracts.json"", ""routeIds"": [""route.0246""]}, {""catalog"": ""contracts/payload-contracts.json"", ""routeIds"": [""route.0247""]}, {""catalog"": ""contracts/payload-contracts.json"", ""routeIds"": [""route.0244""]}, {""catalog"": ""contracts/payload-contracts.json"", ""routeIds"": [""route.0245""]}, {""catalog"": ""contracts/payload-contracts.json"", ""routeIds"": [""route.0458""]}, {""catalog"": ""contracts/payload-contracts.json"", ""routeIds"": [""route.0459""]}, {""catalog"": ""contracts/payload-contracts.json"", ""routeIds"": [""route.0062"", ""route.0262"", ""route.0456""]}, {""catalog"": ""contracts/payload-contracts.json"", ""routeIds"": [""route.0457""]}, {""catalog"": ""contracts/payload-contracts.json"", ""routeIds"": [""route.0476""]}, {""catalog"": ""contracts/payload-contracts.json"", ""routeIds"": [""route.0135""]}, {""catalog"": ""contracts/payload-contracts.json"", ""routeIds"": [""route.0133""]}, {""catalog"": ""contracts/payload-contracts.json"", ""routeIds"": [""route.0134""]}, {""catalog"": ""contracts/payload-contracts.json"", ""routeIds"": [""route.0136""]}, {""catalog"": ""contracts/payload-contracts.json"", ""routeIds"": [""route.0102""]}, {""catalog"": ""contracts/payload-contracts.json"", ""routeIds"": [""route.0100""]}, {""catalog"": ""contracts/payload-contracts.json"", ""routeIds"": [""route.0103""]}, {""catalog"": ""contracts/payload-contracts.json"", ""routeIds"": [""route.0101""]}, {""catalog"": ""contracts/payload-contracts.json"", ""routeIds"": [""route.0131""]}, {""catalog"": ""contracts/payload-contracts.json"", ""routeIds"": [""route.0132""]}, {""catalog"": ""contracts/payload-contracts.json"", ""routeIds"": [""route.0127""]}, {""catalog"": ""contracts/payload-contracts.json"", ""routeIds"": [""route.0128""]}, {""catalog"": ""contracts/payload-contracts.json"", ""routeIds"": [""route.0129""]}, {""catalog"": ""contracts/payload-contracts.json"", ""routeIds"": [""route.0130""]}, {""catalog"": ""contracts/payload-contracts.json"", ""routeIds"": [""route.0125""]}, {""catalog"": ""contracts/payload-contracts.json"", ""routeIds"": [""route.0121""]}, {""catalog"": ""contracts/payload-contracts.json"", ""routeIds"": [""route.0123""]}, {""catalog"": ""contracts/payload-contracts.json"", ""routeIds"": [""route.0122""]}, {""catalog"": ""contracts/payload-contracts.json"", ""routeIds"": [""route.0124""]}, {""catalog"": ""contracts/payload-contracts.json"", ""routeIds"": [""route.0126""]}, {""catalog"": ""contracts/payload-contracts.json"", ""routeIds"": [""route.0077""]}, {""schemaId"": ""urn:kcml:r9:operation:mcp.contract.validate:command""}, {""catalog"": ""contracts/payload-contracts.json"", ""routeIds"": [""route.0079""]}, {""catalog"": ""contracts/payload-contracts.json"", ""routeIds"": [""route.0081""]}, {""catalog"": ""contracts/payload-contracts.json"", ""routeIds"": [""route.0078""]}, {""catalog"": ""contracts/payload-contracts.json"", ""routeIds"": [""route.0080""]}, {""catalog"": ""contracts/payload-contracts.json"", ""routeIds"": [""route.0083""]}, {""catalog"": ""contracts/payload-contracts.json"", ""routeIds"": [""route.0108""]}, {""catalog"": ""contracts/payload-contracts.json"", ""routeIds"": [""route.0106""]}, {""catalog"": ""contracts/payload-contracts.json"", ""routeIds"": [""route.0107""]}, {""catalog"": ""contracts/payload-contracts.json"", ""routeIds"": [""route.0082""]}, {""catalog"": ""contracts/payload-contracts.json"", ""routeIds"": [""route.0097""]}, {""catalog"": ""contracts/payload-contracts.json"", ""routeIds"": [""route.0099""]}, {""catalog"": ""contracts/payload-contracts.json"", ""routeIds"": [""route.0098""]}, {""catalog"": ""contracts/payload-contracts.json"", ""routeIds"": [""route.0115""]}, {""catalog"": ""contracts/payload-contracts.json"", ""routeIds"": [""route.0113""]}, {""catalog"": ""contracts/payload-contracts.json"", ""routeIds"": [""route.0114""]}, {""catalog"": ""contracts/payload-contracts.json"", ""routeIds"": [""route.0111""]}, {""catalog"": ""contracts/payload-contracts.json"", ""routeIds"": [""route.0109""]}, {""catalog"": ""contracts/payload-contracts.json"", ""routeIds"": [""route.0112""]}, {""catalog"": ""contracts/payload-contracts.json"", ""routeIds"": [""route.0110""]}, {""catalog"": ""contracts/payload-contracts.json"", ""routeIds"": [""route.0120""]}, {""catalog"": ""contracts/payload-contracts.json"", ""routeIds"": [""route.0116""]}, {""catalog"": ""contracts/payload-contracts.json"", ""routeIds"": [""route.0104""]}, {""catalog"": ""contracts/payload-contracts.json"", ""routeIds"": [""route.0105""]}, {""catalog"": ""contracts/payload-contracts.json"", ""routeIds"": [""route.0085"", ""route.0086"", ""route.0087"", ""route.0088"", ""route.0089"", ""route.0090"", ""route.0091"", ""route.0092"", ""route.0093"", ""route.0094"", ""route.0095"", ""route.0096""]}, {""catalog"": ""contracts/payload-contracts.json"", ""routeIds"": [""route.0445""]}, {""catalog"": ""contracts/payload-contracts.json"", ""routeIds"": [""route.0447""]}, {""catalog"": ""contracts/payload-contracts.json"", ""routeIds"": [""route.0448""]}, {""catalog"": ""contracts/payload-contracts.json"", ""routeIds"": [""route.0443""]}, {""catalog"": ""contracts/payload-contracts.json"", ""routeIds"": [""route.0444""]}, {""catalog"": ""contracts/payload-contracts.json"", ""routeIds"": [""route.0446""]}, {""catalog"": ""contracts/payload-contracts.json"", ""routeIds"": [""route.0449""]}, {""catalog"": ""contracts/payload-contracts.json"", ""routeIds"": [""route.0437""]}, {""catalog"": ""contracts/payload-contracts.json"", ""routeIds"": [""route.0438""]}, {""catalog"": ""contracts/payload-contracts.json"", ""routeIds"": [""route.0442""]}, {""catalog"": ""contracts/payload-contracts.json"", ""routeIds"": [""route.0440""]}, {""catalog"": ""contracts/payload-contracts.json"", ""routeIds"": [""route.0441""]}, {""catalog"": ""contracts/payload-contracts.json"", ""routeIds"": [""route.0439""]}, {""catalog"": ""contracts/payload-contracts.json"", ""routeIds"": [""route.0207""]}, {""catalog"": ""contracts/payload-contracts.json"", ""routeIds"": [""route.0206""]}, {""catalog"": ""contracts/payload-contracts.json"", ""routeIds"": [""route.0203""]}, {""catalog"": ""contracts/payload-contracts.json"", ""routeIds"": [""route.0200"", ""route.0242""]}, {""catalog"": ""contracts/payload-contracts.json"", ""routeIds"": [""route.0204""]}, {""catalog"": ""contracts/payload-contracts.json"", ""routeIds"": [""route.0201""]}, {""catalog"": ""contracts/payload-contracts.json"", ""routeIds"": [""route.0211""]}, {""catalog"": ""contracts/payload-contracts.json"", ""routeIds"": [""route.0210""]}, {""catalog"": ""contracts/payload-contracts.json"", ""routeIds"": [""route.0202""]}, {""catalog"": ""contracts/payload-contracts.json"", ""routeIds"": [""route.0209""]}, {""catalog"": ""contracts/payload-contracts.json"", ""routeIds"": [""route.0208""]}, {""catalog"": ""contracts/payload-contracts.json"", ""routeIds"": [""route.0205""]}, {""catalog"": ""contracts/payload-contracts.json"", ""routeIds"": [""route.0212""]}, {""catalog"": ""contracts/payload-contracts.json"", ""routeIds"": [""route.0213""]}, {""catalog"": ""contracts/payload-contracts.json"", ""routeIds"": [""route.0214""]}, {""catalog"": ""contracts/payload-contracts.json"", ""routeIds"": [""route.0006""]}, {""catalog"": ""contracts/payload-contracts.json"", ""routeIds"": [""route.0007""]}, {""catalog"": ""contracts/payload-contracts.json"", ""routeIds"": [""route.0010""]}, {""catalog"": ""contracts/payload-contracts.json"", ""routeIds"": [""route.0015""]}, ""closure/contracts/operation-payloads.json#/records/0/requestSchema"", {""catalog"": ""contracts/payload-contracts.json"", ""routeIds"": [""route.0016""]}, {""catalog"": ""contracts/payload-contracts.json"", ""routeIds"": [""route.0017""]}, {""catalog"": ""contracts/payload-contracts.json"", ""routeIds"": [""route.0014""]}, {""catalog"": ""contracts/payload-contracts.json"", ""routeIds"": [""route.0012""]}, {""catalog"": ""contracts/payload-contracts.json"", ""routeIds"": [""route.0018""]}, {""catalog"": ""contracts/payload-contracts.json"", ""routeIds"": [""route.0013""]}, {""catalog"": ""contracts/payload-contracts.json"", ""routeIds"": [""route.0019""]}, {""catalog"": ""contracts/payload-contracts.json"", ""routeIds"": [""route.0021""]}, {""catalog"": ""contracts/payload-contracts.json"", ""routeIds"": [""route.0020""]}, {""catalog"": ""contracts/payload-contracts.json"", ""routeIds"": [""route.0022""]}, {""catalog"": ""contracts/payload-contracts.json"", ""routeIds"": [""route.0023""]}, {""catalog"": ""contracts/payload-contracts.json"", ""routeIds"": [""route.0024""]}, {""catalog"": ""contracts/payload-contracts.json"", ""routeIds"": [""route.0011""]}, {""catalog"": ""contracts/payload-contracts.json"", ""routeIds"": [""route.0025""]}, {""catalog"": ""contracts/payload-contracts.json"", ""routeIds"": [""route.0504""]}, {""catalog"": ""contracts/payload-contracts.json"", ""routeIds"": [""route.0503""]}, {""catalog"": ""contracts/payload-contracts.json"", ""routeIds"": [""route.0501""]}, ""closure/contracts/operation-payloads.json#/records/10/requestSchema"", {""catalog"": ""contracts/payload-contracts.json"", ""routeIds"": [""route.0468""]}, {""catalog"": ""contracts/payload-contracts.json"", ""routeIds"": [""route.0469""]}, {""catalog"": ""contracts/payload-contracts.json"", ""routeIds"": [""route.0470""]}, {""catalog"": ""contracts/payload-contracts.json"", ""routeIds"": [""route.0416""]}, {""catalog"": ""contracts/payload-contracts.json"", ""routeIds"": [""route.0415""]}, {""catalog"": ""contracts/payload-contracts.json"", ""routeIds"": [""route.0409""]}, {""catalog"": ""contracts/payload-contracts.json"", ""routeIds"": [""route.0411""]}, {""schemaId"": ""urn:kcml:r9:operation:runtime.connection.inspect:command""}, {""catalog"": ""contracts/payload-contracts.json"", ""routeIds"": [""route.0408""]}, {""catalog"": ""contracts/payload-contracts.json"", ""routeIds"": [""route.0412""]}, {""catalog"": ""contracts/payload-contracts.json"", ""routeIds"": [""route.0403""]}, {""catalog"": ""contracts/payload-contracts.json"", ""routeIds"": [""route.0404""]}, {""catalog"": ""contracts/payload-contracts.json"", ""routeIds"": [""route.0405""]}, {""catalog"": ""contracts/payload-contracts.json"", ""routeIds"": [""route.0406""]}, {""catalog"": ""contracts/payload-contracts.json"", ""routeIds"": [""route.0414""]}, {""catalog"": ""contracts/payload-contracts.json"", ""routeIds"": [""route.0413""]}, {""catalog"": ""contracts/payload-contracts.json"", ""routeIds"": [""route.0407""]}, {""catalog"": ""contracts/payload-contracts.json"", ""routeIds"": [""route.0410""]}, {""catalog"": ""contracts/payload-contracts.json"", ""routeIds"": [""route.0450""]}, {""catalog"": ""contracts/payload-contracts.json"", ""routeIds"": [""route.0037"", ""route.0396""]}, {""catalog"": ""contracts/payload-contracts.json"", ""routeIds"": [""route.0040""]}, {""catalog"": ""contracts/payload-contracts.json"", ""routeIds"": [""route.0039""]}, {""catalog"": ""contracts/payload-contracts.json"", ""routeIds"": [""route.0065"", ""route.0395""]}, {""catalog"": ""contracts/payload-contracts.json"", ""routeIds"": [""route.0386""]}, {""catalog"": ""contracts/payload-contracts.json"", ""routeIds"": [""route.0389""]}, {""catalog"": ""contracts/payload-contracts.json"", ""routeIds"": [""route.0402""]}, {""catalog"": ""contracts/payload-contracts.json"", ""routeIds"": [""route.0401""]}, {""catalog"": ""contracts/payload-contracts.json"", ""routeIds"": [""route.0385""]}, {""catalog"": ""contracts/payload-contracts.json"", ""routeIds"": [""route.0388""]}, {""catalog"": ""contracts/payload-contracts.json"", ""routeIds"": [""route.0387""]}, {""catalog"": ""contracts/payload-contracts.json"", ""routeIds"": [""route.0400""]}, {""catalog"": ""contracts/payload-contracts.json"", ""routeIds"": [""route.0399""]}, {""catalog"": ""contracts/payload-contracts.json"", ""routeIds"": [""route.0394""]}, {""catalog"": ""contracts/payload-contracts.json"", ""routeIds"": [""route.0038"", ""route.0397""]}, {""catalog"": ""contracts/payload-contracts.json"", ""routeIds"": [""route.0398""]}, {""catalog"": ""contracts/payload-contracts.json"", ""routeIds"": [""route.0502""]}, {""catalog"": ""contracts/payload-contracts.json"", ""routeIds"": [""route.0390""]}, {""catalog"": ""contracts/payload-contracts.json"", ""routeIds"": [""route.0393""]}, {""catalog"": ""contracts/payload-contracts.json"", ""routeIds"": [""route.0391""]}, {""catalog"": ""contracts/payload-contracts.json"", ""routeIds"": [""route.0392""]}, {""catalog"": ""contracts/payload-contracts.json"", ""routeIds"": [""route.0480""]}, ""closure/contracts/operation-payloads.json#/records/9/requestSchema"", {""catalog"": ""contracts/payload-contracts.json"", ""routeIds"": [""route.0488""]}, {""catalog"": ""contracts/payload-contracts.json"", ""routeIds"": [""route.0481""]}, {""catalog"": ""contracts/payload-contracts.json"", ""routeIds"": [""route.0482""]}, {""schemaId"": ""urn:kcml:r9:operation:selfTest.registeredElement.run:command""}, {""catalog"": ""contracts/payload-contracts.json"", ""routeIds"": [""route.0491""]}, {""catalog"": ""contracts/payload-contracts.json"", ""routeIds"": [""route.0492""]}, {""catalog"": ""contracts/payload-contracts.json"", ""routeIds"": [""route.0486""]}, {""catalog"": ""contracts/payload-contracts.json"", ""routeIds"": [""route.0487""]}, {""catalog"": ""contracts/payload-contracts.json"", ""routeIds"": [""route.0484""]}, {""catalog"": ""contracts/payload-contracts.json"", ""routeIds"": [""route.0489""]}, {""catalog"": ""contracts/payload-contracts.json"", ""routeIds"": [""route.0490""]}, {""catalog"": ""contracts/payload-contracts.json"", ""routeIds"": [""route.0483"", ""route.0507""]}, {""catalog"": ""contracts/payload-contracts.json"", ""routeIds"": [""route.0485""]}, {""catalog"": ""contracts/payload-contracts.json"", ""routeIds"": [""route.0493""]}, {""catalog"": ""contracts/payload-contracts.json"", ""routeIds"": [""route.0495""]}, {""catalog"": ""contracts/payload-contracts.json"", ""routeIds"": [""route.0477""]}, {""catalog"": ""contracts/payload-contracts.json"", ""routeIds"": [""route.0478""]}, {""catalog"": ""contracts/payload-contracts.json"", ""routeIds"": [""route.0494""]}, {""catalog"": ""contracts/payload-contracts.json"", ""routeIds"": [""route.0479""]}]","{""acceptance.run.cancel"": ""Every admission, transition, child reservation, outcome and manual-review decision records logicalOperationId, correlationId, actor/channel and before/after digests."", ""acceptance.run.list"": [""OPERATION_ADMITTED"", ""OPERATION_STATE_CHANGED"", ""OPERATION_TERMINAL""], ""acceptance.run.start"": ""Every admission, transition, child reservation, outcome and manual-review decision records logicalOperationId, correlationId, actor/channel and before/after digests."", ""agent.approval.approve"": [""OPERATION_ADMITTED"", ""OPERATION_STATE_CHANGED"", ""OPERATION_TERMINAL""], ""agent.approval.reject"": [""OPERATION_ADMITTED"", ""OPERATION_STATE_CHANGED"", ""OPERATION_TERMINAL""], ""agent.definition.create"": [""OPERATION_ADMITTED"", ""OPERATION_STATE_CHANGED"", ""OPERATION_TERMINAL""], ""agent.definition.list"": [""OPERATION_ADMITTED"", ""OPERATION_STATE_CHANGED"", ""OPERATION_TERMINAL""], ""agent.definition.patch"": [""OPERATION_ADMITTED"", ""OPERATION_STATE_CHANGED"", ""OPERATION_TERMINAL""], ""agent.definition.read"": [""OPERATION_ADMITTED"", ""OPERATION_STATE_CHANGED"", ""OPERATION_TERMINAL""], ""agent.eval.start"": [""OPERATION_ADMITTED"", ""OPERATION_STATE_CHANGED"", ""OPERATION_TERMINAL""], ""agent.evalRun.cases.read"": [""OPERATION_ADMITTED"", ""OPERATION_STATE_CHANGED"", ""OPERATION_TERMINAL""], ""agent.evalRun.read"": [""OPERATION_ADMITTED"", ""OPERATION_STATE_CHANGED"", ""OPERATION_TERMINAL""], ""agent.evalSuite.create"": [""OPERATION_ADMITTED"", ""OPERATION_STATE_CHANGED"", ""OPERATION_TERMINAL""], ""agent.evalSuite.list"": [""OPERATION_ADMITTED"", ""OPERATION_STATE_CHANGED"", ""OPERATION_TERMINAL""], ""agent.evalSuite.read"": [""OPERATION_ADMITTED"", ""OPERATION_STATE_CHANGED"", ""OPERATION_TERMINAL""], ""agent.memory.item.remove"": [""OPERATION_ADMITTED"", ""OPERATION_STATE_CHANGED"", ""OPERATION_TERMINAL""], ""agent.memory.read"": [""OPERATION_ADMITTED"", ""OPERATION_STATE_CHANGED"", ""OPERATION_TERMINAL""], ""agent.memory.write"": [""OPERATION_ADMITTED"", ""OPERATION_STATE_CHANGED"", ""OPERATION_TERMINAL""], ""agent.message.append"": [""OPERATION_ADMITTED"", ""OPERATION_STATE_CHANGED"", ""OPERATION_TERMINAL""], ""agent.repair.request"": [""OPERATION_ADMITTED"", ""OPERATION_STATE_CHANGED"", ""OPERATION_TERMINAL""], ""agent.revision.activate"": [""OPERATION_ADMITTED"", ""OPERATION_STATE_CHANGED"", ""OPERATION_TERMINAL""], ""agent.revision.compatibility"": [""OPERATION_ADMITTED"", ""OPERATION_STATE_CHANGED"", ""OPERATION_TERMINAL""], ""agent.revision.guardrail.list"": [""OPERATION_ADMITTED"", ""OPERATION_STATE_CHANGED"", ""OPERATION_TERMINAL""], ""agent.revision.handoff.list"": [""OPERATION_ADMITTED"", ""OPERATION_STATE_CHANGED"", ""OPERATION_TERMINAL""], ""agent.revision.list"": [""OPERATION_ADMITTED"", ""OPERATION_STATE_CHANGED"", ""OPERATION_TERMINAL""], ""agent.revision.promotionGate.list"": [""OPERATION_ADMITTED"", ""OPERATION_STATE_CHANGED"", ""OPERATION_TERMINAL""], ""agent.revision.publish"": [""OPERATION_ADMITTED"", ""OPERATION_STATE_CHANGED"", ""OPERATION_TERMINAL""], ""agent.revision.read"": [""OPERATION_ADMITTED"", ""OPERATION_STATE_CHANGED"", ""OPERATION_TERMINAL""], ""agent.revision.toolBinding.list"": [""OPERATION_ADMITTED"", ""OPERATION_STATE_CHANGED"", ""OPERATION_TERMINAL""], ""agent.revision.toolBinding.preview"": [""OPERATION_ADMITTED"", ""OPERATION_STATE_CHANGED"", ""OPERATION_TERMINAL""], ""agent.revision.validate"": [""OPERATION_ADMITTED"", ""OPERATION_STATE_CHANGED"", ""OPERATION_TERMINAL""], ""agent.revision.verify"": [""OPERATION_ADMITTED"", ""OPERATION_STATE_CHANGED"", ""OPERATION_TERMINAL""], ""agent.run.approval.list"": [""OPERATION_ADMITTED"", ""OPERATION_STATE_CHANGED"", ""OPERATION_TERMINAL""], ""agent.run.cancel"": [""OPERATION_ADMITTED"", ""OPERATION_STATE_CHANGED"", ""OPERATION_TERMINAL""], ""agent.run.checkpoint.list"": [""OPERATION_ADMITTED"", ""OPERATION_STATE_CHANGED"", ""OPERATION_TERMINAL""], ""agent.run.events.read"": [""OPERATION_ADMITTED"", ""OPERATION_STATE_CHANGED"", ""OPERATION_TERMINAL""], ""agent.run.handoff.list"": [""OPERATION_ADMITTED"", ""OPERATION_STATE_CHANGED"", ""OPERATION_TERMINAL""], ""agent.run.list"": [""OPERATION_ADMITTED"", ""OPERATION_STATE_CHANGED"", ""OPERATION_TERMINAL""], ""agent.run.pause"": [""OPERATION_ADMITTED"", ""OPERATION_STATE_CHANGED"", ""OPERATION_TERMINAL""], ""agent.run.resume"": [""OPERATION_ADMITTED"", ""OPERATION_STATE_CHANGED"", ""OPERATION_TERMINAL""], ""agent.run.start"": [""OPERATION_ADMITTED"", ""OPERATION_STATE_CHANGED"", ""OPERATION_TERMINAL""], ""agent.run.status"": [""OPERATION_ADMITTED"", ""OPERATION_STATE_CHANGED"", ""OPERATION_TERMINAL""], ""agent.run.toolCall.list"": [""OPERATION_ADMITTED"", ""OPERATION_STATE_CHANGED"", ""OPERATION_TERMINAL""], ""agent.session.close"": [""OPERATION_ADMITTED"", ""OPERATION_STATE_CHANGED"", ""OPERATION_TERMINAL""], ""agent.session.compact"": [""OPERATION_ADMITTED"", ""OPERATION_STATE_CHANGED"", ""OPERATION_TERMINAL""], ""agent.session.items.read"": [""OPERATION_ADMITTED"", ""OPERATION_STATE_CHANGED"", ""OPERATION_TERMINAL""], ""agent.session.list"": [""OPERATION_ADMITTED"", ""OPERATION_STATE_CHANGED"", ""OPERATION_TERMINAL""], ""agent.session.read"": [""OPERATION_ADMITTED"", ""OPERATION_STATE_CHANGED"", ""OPERATION_TERMINAL""], ""agent.trigger.create"": [""OPERATION_ADMITTED"", ""OPERATION_STATE_CHANGED"", ""OPERATION_TERMINAL""], ""agent.trigger.list"": [""OPERATION_ADMITTED"", ""OPERATION_STATE_CHANGED"", ""OPERATION_TERMINAL""], ""agent.trigger.patch"": [""OPERATION_ADMITTED"", ""OPERATION_STATE_CHANGED"", ""OPERATION_TERMINAL""], ""agent.trigger.remove"": [""OPERATION_ADMITTED"", ""OPERATION_STATE_CHANGED"", ""OPERATION_TERMINAL""], ""agentic.security.event.list"": [""OPERATION_ADMITTED"", ""OPERATION_STATE_CHANGED"", ""OPERATION_TERMINAL""], ""agentic.security.event.read"": [""OPERATION_ADMITTED"", ""OPERATION_STATE_CHANGED"", ""OPERATION_TERMINAL""], ""agentic.security.evidence.export"": [""OPERATION_ADMITTED"", ""OPERATION_STATE_CHANGED"", ""OPERATION_TERMINAL""], ""audit.archive.list"": [""OPERATION_ADMITTED"", ""OPERATION_STATE_CHANGED"", ""OPERATION_TERMINAL""], ""audit.event.list"": [""OPERATION_ADMITTED"", ""OPERATION_STATE_CHANGED"", ""OPERATION_TERMINAL""], ""audit.event.read"": [""OPERATION_ADMITTED"", ""OPERATION_STATE_CHANGED"", ""OPERATION_TERMINAL""], ""audit.integrity.read"": [""OPERATION_ADMITTED"", ""OPERATION_STATE_CHANGED"", ""OPERATION_TERMINAL""], ""audit.integrity.verify"": [""OPERATION_ADMITTED"", ""OPERATION_STATE_CHANGED"", ""OPERATION_TERMINAL""], ""audit.savedQuery.create"": ""Every admission, transition, child reservation, outcome and manual-review decision records logicalOperationId, correlationId, actor/channel and before/after digests."", ""authority.actionPlan.list"": [""OPERATION_ADMITTED"", ""OPERATION_STATE_CHANGED"", ""OPERATION_TERMINAL""], ""authority.context.read"": [""OPERATION_ADMITTED"", ""OPERATION_STATE_CHANGED"", ""OPERATION_TERMINAL""], ""authority.intent.read"": [""OPERATION_ADMITTED"", ""OPERATION_STATE_CHANGED"", ""OPERATION_TERMINAL""], ""authority.lineage.graph"": [""OPERATION_ADMITTED"", ""OPERATION_STATE_CHANGED"", ""OPERATION_TERMINAL""], ""authority.lineage.resolve"": [""OPERATION_ADMITTED"", ""OPERATION_STATE_CHANGED"", ""OPERATION_TERMINAL""], ""backup.create"": [""OPERATION_ADMITTED"", ""OPERATION_STATE_CHANGED"", ""OPERATION_TERMINAL""], ""backup.list"": [""OPERATION_ADMITTED"", ""OPERATION_STATE_CHANGED"", ""OPERATION_TERMINAL""], ""backup.restore"": ""Every admission, transition, child reservation, outcome and manual-review decision records logicalOperationId, correlationId, actor/channel and before/after digests."", ""backup.verify"": [""OPERATION_ADMITTED"", ""OPERATION_STATE_CHANGED"", ""OPERATION_TERMINAL""], ""binding.create"": [""OPERATION_ADMITTED"", ""OPERATION_STATE_CHANGED"", ""OPERATION_TERMINAL""], ""binding.list"": [""OPERATION_ADMITTED"", ""OPERATION_STATE_CHANGED"", ""OPERATION_TERMINAL""], ""binding.preview"": [""OPERATION_ADMITTED"", ""OPERATION_STATE_CHANGED"", ""OPERATION_TERMINAL""], ""binding.read"": [""OPERATION_ADMITTED"", ""OPERATION_STATE_CHANGED"", ""OPERATION_TERMINAL""], ""binding.remove"": [""OPERATION_ADMITTED"", ""OPERATION_STATE_CHANGED"", ""OPERATION_TERMINAL""], ""binding.replace"": [""OPERATION_ADMITTED"", ""OPERATION_STATE_CHANGED"", ""OPERATION_TERMINAL""], ""binding.test"": [""OPERATION_ADMITTED"", ""OPERATION_STATE_CHANGED"", ""OPERATION_TERMINAL""], ""browser.account.list"": [""OPERATION_ADMITTED"", ""OPERATION_STATE_CHANGED"", ""OPERATION_TERMINAL""], ""browser.account.logout"": [""OPERATION_ADMITTED"", ""OPERATION_STATE_CHANGED"", ""OPERATION_TERMINAL""], ""browser.account.metadata.patch"": [""OPERATION_ADMITTED"", ""OPERATION_STATE_CHANGED"", ""OPERATION_TERMINAL""], ""browser.account.read"": [""OPERATION_ADMITTED"", ""OPERATION_STATE_CHANGED"", ""OPERATION_TERMINAL""], ""browser.account.reauthenticate"": [""OPERATION_ADMITTED"", ""OPERATION_STATE_CHANGED"", ""OPERATION_TERMINAL""], ""browser.account.save"": [""OPERATION_ADMITTED"", ""OPERATION_STATE_CHANGED"", ""OPERATION_TERMINAL""], ""browser.account.verify"": [""OPERATION_ADMITTED"", ""OPERATION_STATE_CHANGED"", ""OPERATION_TERMINAL""], ""browser.action.attempt.list"": [""OPERATION_ADMITTED"", ""OPERATION_STATE_CHANGED"", ""OPERATION_TERMINAL""], ""browser.action.cancel"": [""OPERATION_ADMITTED"", ""OPERATION_STATE_CHANGED"", ""OPERATION_TERMINAL""], ""browser.action.reconcile"": [""OPERATION_ADMITTED"", ""OPERATION_STATE_CHANGED"", ""OPERATION_TERMINAL""], ""browser.action.resolveOutcome"": [""OPERATION_ADMITTED"", ""OPERATION_STATE_CHANGED"", ""OPERATION_TERMINAL""], ""browser.action.start"": [""OPERATION_ADMITTED"", ""OPERATION_STATE_CHANGED"", ""OPERATION_TERMINAL""], ""browser.action.status"": [""OPERATION_ADMITTED"", ""OPERATION_STATE_CHANGED"", ""OPERATION_TERMINAL""], ""browser.annotation.create"": null, ""browser.auth.verify"": [""OPERATION_ADMITTED"", ""OPERATION_STATE_CHANGED"", ""OPERATION_TERMINAL""], ""browser.authAttempt.list"": [""OPERATION_ADMITTED"", ""OPERATION_STATE_CHANGED"", ""OPERATION_TERMINAL""], ""browser.automation.activate"": [""OPERATION_ADMITTED"", ""OPERATION_STATE_CHANGED"", ""OPERATION_TERMINAL""], ""browser.automation.artifact.list"": [""OPERATION_ADMITTED"", ""OPERATION_STATE_CHANGED"", ""OPERATION_TERMINAL""], ""browser.automation.artifact.read"": [""OPERATION_ADMITTED"", ""OPERATION_STATE_CHANGED"", ""OPERATION_TERMINAL""], ""browser.automation.authBinding.create"": [""OPERATION_ADMITTED"", ""OPERATION_STATE_CHANGED"", ""OPERATION_TERMINAL""], ""browser.automation.authBinding.list"": [""OPERATION_ADMITTED"", ""OPERATION_STATE_CHANGED"", ""OPERATION_TERMINAL""], ""browser.automation.cancel"": [""OPERATION_ADMITTED"", ""OPERATION_STATE_CHANGED"", ""OPERATION_TERMINAL""], ""browser.automation.create"": [""OPERATION_ADMITTED"", ""OPERATION_STATE_CHANGED"", ""OPERATION_TERMINAL""], ""browser.automation.createFromTeaching"": ""Every admission, transition, child reservation, outcome and manual-review decision records logicalOperationId, correlationId, actor/channel and before/after digests."", ""browser.automation.disable"": [""OPERATION_ADMITTED"", ""OPERATION_STATE_CHANGED"", ""OPERATION_TERMINAL""], ""browser.automation.enable"": [""OPERATION_ADMITTED"", ""OPERATION_STATE_CHANGED"", ""OPERATION_TERMINAL""], ""browser.automation.list"": [""OPERATION_ADMITTED"", ""OPERATION_STATE_CHANGED"", ""OPERATION_TERMINAL""], ""browser.automation.metadata.patch"": [""OPERATION_ADMITTED"", ""OPERATION_STATE_CHANGED"", ""OPERATION_TERMINAL""], ""browser.automation.preflight"": [""OPERATION_ADMITTED"", ""OPERATION_STATE_CHANGED"", ""OPERATION_TERMINAL""], ""browser.automation.read"": [""OPERATION_ADMITTED"", ""OPERATION_STATE_CHANGED"", ""OPERATION_TERMINAL""], ""browser.automation.reauthenticate"": [""OPERATION_ADMITTED"", ""OPERATION_STATE_CHANGED"", ""OPERATION_TERMINAL""], ""browser.automation.reconcile"": [""OPERATION_ADMITTED"", ""OPERATION_STATE_CHANGED"", ""OPERATION_TERMINAL""], ""browser.automation.repair"": [""OPERATION_ADMITTED"", ""OPERATION_STATE_CHANGED"", ""OPERATION_TERMINAL""], ""browser.automation.revision.list"": [""OPERATION_ADMITTED"", ""OPERATION_STATE_CHANGED"", ""OPERATION_TERMINAL""], ""browser.automation.revision.publish"": [""OPERATION_ADMITTED"", ""OPERATION_STATE_CHANGED"", ""OPERATION_TERMINAL""], ""browser.automation.revision.read"": [""OPERATION_ADMITTED"", ""OPERATION_STATE_CHANGED"", ""OPERATION_TERMINAL""], ""browser.automation.rollback"": [""OPERATION_ADMITTED"", ""OPERATION_STATE_CHANGED"", ""OPERATION_TERMINAL""], ""browser.automation.run"": [""OPERATION_ADMITTED"", ""OPERATION_STATE_CHANGED"", ""OPERATION_TERMINAL""], ""browser.automation.run.list"": [""OPERATION_ADMITTED"", ""OPERATION_STATE_CHANGED"", ""OPERATION_TERMINAL""], ""browser.automation.run.read"": [""OPERATION_ADMITTED"", ""OPERATION_STATE_CHANGED"", ""OPERATION_TERMINAL""], ""browser.automation.run.step.list"": [""OPERATION_ADMITTED"", ""OPERATION_STATE_CHANGED"", ""OPERATION_TERMINAL""], ""browser.automation.schedule.create"": [""OPERATION_ADMITTED"", ""OPERATION_STATE_CHANGED"", ""OPERATION_TERMINAL""], ""browser.automation.schedule.list"": [""OPERATION_ADMITTED"", ""OPERATION_STATE_CHANGED"", ""OPERATION_TERMINAL""], ""browser.automation.schedule.patch"": [""OPERATION_ADMITTED"", ""OPERATION_STATE_CHANGED"", ""OPERATION_TERMINAL""], ""browser.automation.verify"": [""OPERATION_ADMITTED"", ""OPERATION_STATE_CHANGED"", ""OPERATION_TERMINAL""], ""browser.bridge.assign"": [""OPERATION_ADMITTED"", ""OPERATION_STATE_CHANGED"", ""OPERATION_TERMINAL""], ""browser.bridge.connection.list"": [""OPERATION_ADMITTED"", ""OPERATION_STATE_CHANGED"", ""OPERATION_TERMINAL""], ""browser.bridge.enroll"": [""OPERATION_ADMITTED"", ""OPERATION_STATE_CHANGED"", ""OPERATION_TERMINAL""], ""browser.bridge.list"": [""OPERATION_ADMITTED"", ""OPERATION_STATE_CHANGED"", ""OPERATION_TERMINAL""], ""browser.bridge.profile.list"": [""OPERATION_ADMITTED"", ""OPERATION_STATE_CHANGED"", ""OPERATION_TERMINAL""], ""browser.bridge.read"": [""OPERATION_ADMITTED"", ""OPERATION_STATE_CHANGED"", ""OPERATION_TERMINAL""], ""browser.bridge.release"": [""OPERATION_ADMITTED"", ""OPERATION_STATE_CHANGED"", ""OPERATION_TERMINAL""], ""browser.bridge.revoke"": [""OPERATION_ADMITTED"", ""OPERATION_STATE_CHANGED"", ""OPERATION_TERMINAL""], ""browser.bridge.rotateCertificate"": [""OPERATION_ADMITTED"", ""OPERATION_STATE_CHANGED"", ""OPERATION_TERMINAL""], ""browser.bridge.test"": [""OPERATION_ADMITTED"", ""OPERATION_STATE_CHANGED"", ""OPERATION_TERMINAL""], ""browser.challenge.resolve"": [""OPERATION_ADMITTED"", ""OPERATION_STATE_CHANGED"", ""OPERATION_TERMINAL""], ""browser.cleanup.resume"": [""OPERATION_ADMITTED"", ""OPERATION_STATE_CHANGED"", ""OPERATION_TERMINAL""], ""browser.confirmation.respond"": [""OPERATION_ADMITTED"", ""OPERATION_STATE_CHANGED"", ""OPERATION_TERMINAL""], ""browser.control.acquire"": [""OPERATION_ADMITTED"", ""OPERATION_STATE_CHANGED"", ""OPERATION_TERMINAL""], ""browser.control.read"": [""OPERATION_ADMITTED"", ""OPERATION_STATE_CHANGED"", ""OPERATION_TERMINAL""], ""browser.control.release"": [""OPERATION_ADMITTED"", ""OPERATION_STATE_CHANGED"", ""OPERATION_TERMINAL""], ""browser.control.transfer"": [""OPERATION_ADMITTED"", ""OPERATION_STATE_CHANGED"", ""OPERATION_TERMINAL""], ""browser.control.transfer.list"": [""OPERATION_ADMITTED"", ""OPERATION_STATE_CHANGED"", ""OPERATION_TERMINAL""], ""browser.dialog.respond"": [""OPERATION_ADMITTED"", ""OPERATION_STATE_CHANGED"", ""OPERATION_TERMINAL""], ""browser.document.list"": [""OPERATION_ADMITTED"", ""OPERATION_STATE_CHANGED"", ""OPERATION_TERMINAL""], ""browser.download.list"": [""OPERATION_ADMITTED"", ""OPERATION_STATE_CHANGED"", ""OPERATION_TERMINAL""], ""browser.focus.request"": null, ""browser.frame.list"": [""OPERATION_ADMITTED"", ""OPERATION_STATE_CHANGED"", ""OPERATION_TERMINAL""], ""browser.navigation.list"": [""OPERATION_ADMITTED"", ""OPERATION_STATE_CHANGED"", ""OPERATION_TERMINAL""], ""browser.observation.request"": [""OPERATION_ADMITTED"", ""OPERATION_STATE_CHANGED"", ""OPERATION_TERMINAL""], ""browser.operationScope.set"": [""OPERATION_ADMITTED"", ""OPERATION_STATE_CHANGED"", ""OPERATION_TERMINAL""], ""browser.page.activate"": [""OPERATION_ADMITTED"", ""OPERATION_STATE_CHANGED"", ""OPERATION_TERMINAL""], ""browser.page.close"": [""OPERATION_ADMITTED"", ""OPERATION_STATE_CHANGED"", ""OPERATION_TERMINAL""], ""browser.page.list"": [""OPERATION_ADMITTED"", ""OPERATION_STATE_CHANGED"", ""OPERATION_TERMINAL""], ""browser.page.open"": [""OPERATION_ADMITTED"", ""OPERATION_STATE_CHANGED"", ""OPERATION_TERMINAL""], ""browser.page.read"": [""OPERATION_ADMITTED"", ""OPERATION_STATE_CHANGED"", ""OPERATION_TERMINAL""], ""browser.permission.respond"": [""OPERATION_ADMITTED"", ""OPERATION_STATE_CHANGED"", ""OPERATION_TERMINAL""], ""browser.preview.latest"": [""OPERATION_ADMITTED"", ""OPERATION_STATE_CHANGED"", ""OPERATION_TERMINAL""], ""browser.preview.resync"": [""OPERATION_ADMITTED"", ""OPERATION_STATE_CHANGED"", ""OPERATION_TERMINAL""], ""browser.preview.ticket.create"": [""OPERATION_ADMITTED"", ""OPERATION_STATE_CHANGED"", ""OPERATION_TERMINAL""], ""browser.research.cancel"": [""OPERATION_ADMITTED"", ""OPERATION_STATE_CHANGED"", ""OPERATION_TERMINAL""], ""browser.research.extract"": [""OPERATION_ADMITTED"", ""OPERATION_STATE_CHANGED"", ""OPERATION_TERMINAL""], ""browser.research.plan"": [""OPERATION_ADMITTED"", ""OPERATION_STATE_CHANGED"", ""OPERATION_TERMINAL""], ""browser.research.publish"": [""OPERATION_ADMITTED"", ""OPERATION_STATE_CHANGED"", ""OPERATION_TERMINAL""], ""browser.research.start"": [""OPERATION_ADMITTED"", ""OPERATION_STATE_CHANGED"", ""OPERATION_TERMINAL""], ""browser.research.verify"": [""OPERATION_ADMITTED"", ""OPERATION_STATE_CHANGED"", ""OPERATION_TERMINAL""], ""browser.run.manualReview"": [""OPERATION_ADMITTED"", ""OPERATION_STATE_CHANGED"", ""OPERATION_TERMINAL""], ""browser.runtimeBuild.verify"": [""OPERATION_ADMITTED"", ""OPERATION_STATE_CHANGED"", ""OPERATION_TERMINAL""], ""browser.session.artifact.list"": [""OPERATION_ADMITTED"", ""OPERATION_STATE_CHANGED"", ""OPERATION_TERMINAL""], ""browser.session.attach"": [""OPERATION_ADMITTED"", ""OPERATION_STATE_CHANGED"", ""OPERATION_TERMINAL""], ""browser.session.close"": [""OPERATION_ADMITTED"", ""OPERATION_STATE_CHANGED"", ""OPERATION_TERMINAL""], ""browser.session.create"": [""OPERATION_ADMITTED"", ""OPERATION_STATE_CHANGED"", ""OPERATION_TERMINAL""], ""browser.session.credentials.submit"": [""OPERATION_ADMITTED"", ""OPERATION_STATE_CHANGED"", ""OPERATION_TERMINAL""], ""browser.session.events.read"": [""OPERATION_ADMITTED"", ""OPERATION_STATE_CHANGED"", ""OPERATION_TERMINAL""], ""browser.session.list"": [""OPERATION_ADMITTED"", ""OPERATION_STATE_CHANGED"", ""OPERATION_TERMINAL""], ""browser.session.pause"": [""OPERATION_ADMITTED"", ""OPERATION_STATE_CHANGED"", ""OPERATION_TERMINAL""], ""browser.session.recover"": [""OPERATION_ADMITTED"", ""OPERATION_STATE_CHANGED"", ""OPERATION_TERMINAL""], ""browser.session.resume"": [""OPERATION_ADMITTED"", ""OPERATION_STATE_CHANGED"", ""OPERATION_TERMINAL""], ""browser.session.snapshot.read"": [""OPERATION_ADMITTED"", ""OPERATION_STATE_CHANGED"", ""OPERATION_TERMINAL""], ""browser.session.state"": [""OPERATION_ADMITTED"", ""OPERATION_STATE_CHANGED"", ""OPERATION_TERMINAL""], ""browser.state.activate"": [""OPERATION_ADMITTED"", ""OPERATION_STATE_CHANGED"", ""OPERATION_TERMINAL""], ""browser.state.capture"": [""OPERATION_ADMITTED"", ""OPERATION_STATE_CHANGED"", ""OPERATION_TERMINAL""], ""browser.state.invalidate"": [""OPERATION_ADMITTED"", ""OPERATION_STATE_CHANGED"", ""OPERATION_TERMINAL""], ""browser.state.verify"": [""OPERATION_ADMITTED"", ""OPERATION_STATE_CHANGED"", ""OPERATION_TERMINAL""], ""browser.stateBundle.list"": [""OPERATION_ADMITTED"", ""OPERATION_STATE_CHANGED"", ""OPERATION_TERMINAL""], ""browser.stateBundle.read"": [""OPERATION_ADMITTED"", ""OPERATION_STATE_CHANGED"", ""OPERATION_TERMINAL""], ""browser.target.list"": [""OPERATION_ADMITTED"", ""OPERATION_STATE_CHANGED"", ""OPERATION_TERMINAL""], ""browser.target.pick"": [""OPERATION_ADMITTED"", ""OPERATION_STATE_CHANGED"", ""OPERATION_TERMINAL""], ""browser.target.revalidate"": [""OPERATION_ADMITTED"", ""OPERATION_STATE_CHANGED"", ""OPERATION_TERMINAL""], ""browser.teaching.compile"": [""OPERATION_ADMITTED"", ""OPERATION_STATE_CHANGED"", ""OPERATION_TERMINAL""], ""browser.teaching.list"": [""OPERATION_ADMITTED"", ""OPERATION_STATE_CHANGED"", ""OPERATION_TERMINAL""], ""browser.teaching.read"": [""OPERATION_ADMITTED"", ""OPERATION_STATE_CHANGED"", ""OPERATION_TERMINAL""], ""browser.teaching.start"": [""OPERATION_ADMITTED"", ""OPERATION_STATE_CHANGED"", ""OPERATION_TERMINAL""], ""browser.teaching.stop"": [""OPERATION_ADMITTED"", ""OPERATION_STATE_CHANGED"", ""OPERATION_TERMINAL""], ""browser.upload.create"": [""OPERATION_ADMITTED"", ""OPERATION_STATE_CHANGED"", ""OPERATION_TERMINAL""], ""chat.ask"": [""OPERATION_ADMITTED"", ""OPERATION_STATE_CHANGED"", ""OPERATION_TERMINAL""], ""chat.browser.control.acquire"": [""OPERATION_ADMITTED"", ""OPERATION_STATE_CHANGED"", ""OPERATION_TERMINAL""], ""chat.browser.control.returnToAi"": [""OPERATION_ADMITTED"", ""OPERATION_STATE_CHANGED"", ""OPERATION_TERMINAL""], ""chat.browser.directive.compile"": [""OPERATION_ADMITTED"", ""OPERATION_STATE_CHANGED"", ""OPERATION_TERMINAL""], ""chat.browser.session.attach"": [""OPERATION_ADMITTED"", ""OPERATION_STATE_CHANGED"", ""OPERATION_TERMINAL""], ""chat.browser.session.create"": [""OPERATION_ADMITTED"", ""OPERATION_STATE_CHANGED"", ""OPERATION_TERMINAL""], ""chat.browser.session.list"": [""OPERATION_ADMITTED"", ""OPERATION_STATE_CHANGED"", ""OPERATION_TERMINAL""], ""chat.browser.target.attach"": [""OPERATION_ADMITTED"", ""OPERATION_STATE_CHANGED"", ""OPERATION_TERMINAL""], ""chat.command.execute"": [""OPERATION_ADMITTED"", ""OPERATION_STATE_CHANGED"", ""OPERATION_TERMINAL""], ""chat.conversation.cancel"": [""OPERATION_ADMITTED"", ""OPERATION_STATE_CHANGED"", ""OPERATION_TERMINAL""], ""chat.conversation.create"": [""OPERATION_ADMITTED"", ""OPERATION_STATE_CHANGED"", ""OPERATION_TERMINAL""], ""chat.conversation.list"": [""OPERATION_ADMITTED"", ""OPERATION_STATE_CHANGED"", ""OPERATION_TERMINAL""], ""chat.conversation.read"": [""OPERATION_ADMITTED"", ""OPERATION_STATE_CHANGED"", ""OPERATION_TERMINAL""], ""chat.message.append"": [""OPERATION_ADMITTED"", ""OPERATION_STATE_CHANGED"", ""OPERATION_TERMINAL""], ""chat.message.list"": [""OPERATION_ADMITTED"", ""OPERATION_STATE_CHANGED"", ""OPERATION_TERMINAL""], ""chat.response.stream"": [""OPERATION_ADMITTED"", ""OPERATION_STATE_CHANGED"", ""OPERATION_TERMINAL""], ""chat.turn.steer"": ""Every admission, transition, child reservation, outcome and manual-review decision records logicalOperationId, correlationId, actor/channel and before/after digests."", ""component.activate"": [""OPERATION_ADMITTED"", ""OPERATION_STATE_CHANGED"", ""OPERATION_TERMINAL""], ""component.deregister"": [""OPERATION_ADMITTED"", ""OPERATION_STATE_CHANGED"", ""OPERATION_TERMINAL""], ""component.deregistration.preview"": [""OPERATION_ADMITTED"", ""OPERATION_STATE_CHANGED"", ""OPERATION_TERMINAL""], ""component.disable"": [""OPERATION_ADMITTED"", ""OPERATION_STATE_CHANGED"", ""OPERATION_TERMINAL""], ""component.e2e.start"": [""OPERATION_ADMITTED"", ""OPERATION_STATE_CHANGED"", ""OPERATION_TERMINAL""], ""component.enable"": [""OPERATION_ADMITTED"", ""OPERATION_STATE_CHANGED"", ""OPERATION_TERMINAL""], ""component.export"": ""Every admission, transition, child reservation, outcome and manual-review decision records logicalOperationId, correlationId, actor/channel and before/after digests."", ""component.heartbeat.challenge"": [""OPERATION_ADMITTED"", ""OPERATION_STATE_CHANGED"", ""OPERATION_TERMINAL""], ""component.import"": ""Every admission, transition, child reservation, outcome and manual-review decision records logicalOperationId, correlationId, actor/channel and before/after digests."", ""component.list"": [""OPERATION_ADMITTED"", ""OPERATION_STATE_CHANGED"", ""OPERATION_TERMINAL""], ""component.metadata.patch"": [""OPERATION_ADMITTED"", ""OPERATION_STATE_CHANGED"", ""OPERATION_TERMINAL""], ""component.quarantine"": [""OPERATION_ADMITTED"", ""OPERATION_STATE_CHANGED"", ""OPERATION_TERMINAL""], ""component.read"": [""OPERATION_ADMITTED"", ""OPERATION_STATE_CHANGED"", ""OPERATION_TERMINAL""], ""component.recertify"": [""OPERATION_ADMITTED"", ""OPERATION_STATE_CHANGED"", ""OPERATION_TERMINAL""], ""component.register"": [""OPERATION_ADMITTED"", ""OPERATION_STATE_CHANGED"", ""OPERATION_TERMINAL""], ""component.release.list"": [""OPERATION_ADMITTED"", ""OPERATION_STATE_CHANGED"", ""OPERATION_TERMINAL""], ""component.repair.request"": [""OPERATION_ADMITTED"", ""OPERATION_STATE_CHANGED"", ""OPERATION_TERMINAL""], ""component.restore"": [""OPERATION_ADMITTED"", ""OPERATION_STATE_CHANGED"", ""OPERATION_TERMINAL""], ""component.retire"": ""Every admission, transition, child reservation, outcome and manual-review decision records logicalOperationId, correlationId, actor/channel and before/after digests."", ""component.revision.list"": [""OPERATION_ADMITTED"", ""OPERATION_STATE_CHANGED"", ""OPERATION_TERMINAL""], ""component.revision.publish"": [""OPERATION_ADMITTED"", ""OPERATION_STATE_CHANGED"", ""OPERATION_TERMINAL""], ""component.revision.read"": [""OPERATION_ADMITTED"", ""OPERATION_STATE_CHANGED"", ""OPERATION_TERMINAL""], ""component.rollback"": [""OPERATION_ADMITTED"", ""OPERATION_STATE_CHANGED"", ""OPERATION_TERMINAL""], ""component.state.request"": [""OPERATION_ADMITTED"", ""OPERATION_STATE_CHANGED"", ""OPERATION_TERMINAL""], ""component.suspend"": [""OPERATION_ADMITTED"", ""OPERATION_STATE_CHANGED"", ""OPERATION_TERMINAL""], ""component.suspension.set"": [""OPERATION_ADMITTED"", ""OPERATION_STATE_CHANGED"", ""OPERATION_TERMINAL""], ""component.usage.read"": [""OPERATION_ADMITTED"", ""OPERATION_STATE_CHANGED"", ""OPERATION_TERMINAL""], ""component.validate"": [""OPERATION_ADMITTED"", ""OPERATION_STATE_CHANGED"", ""OPERATION_TERMINAL""], ""component.verify"": [""OPERATION_ADMITTED"", ""OPERATION_STATE_CHANGED"", ""OPERATION_TERMINAL""], ""config.apply"": [""OPERATION_ADMITTED"", ""OPERATION_STATE_CHANGED"", ""OPERATION_TERMINAL""], ""config.export"": [""OPERATION_ADMITTED"", ""OPERATION_STATE_CHANGED"", ""OPERATION_TERMINAL""], ""config.import"": [""OPERATION_ADMITTED"", ""OPERATION_STATE_CHANGED"", ""OPERATION_TERMINAL""], ""config.rollback"": ""Every admission, transition, child reservation, outcome and manual-review decision records logicalOperationId, correlationId, actor/channel and before/after digests."", ""config.setting.list"": [""OPERATION_ADMITTED"", ""OPERATION_STATE_CHANGED"", ""OPERATION_TERMINAL""], ""config.setting.read"": [""OPERATION_ADMITTED"", ""OPERATION_STATE_CHANGED"", ""OPERATION_TERMINAL""], ""config.setting.replace"": [""OPERATION_ADMITTED"", ""OPERATION_STATE_CHANGED"", ""OPERATION_TERMINAL""], ""config.setting.reset"": [""OPERATION_ADMITTED"", ""OPERATION_STATE_CHANGED"", ""OPERATION_TERMINAL""], ""config.validate"": [""OPERATION_ADMITTED"", ""OPERATION_STATE_CHANGED"", ""OPERATION_TERMINAL""], ""dashboard.events.read"": [""OPERATION_ADMITTED"", ""OPERATION_STATE_CHANGED"", ""OPERATION_TERMINAL""], ""dashboard.identityCards.list"": [""OPERATION_ADMITTED"", ""OPERATION_STATE_CHANGED"", ""OPERATION_TERMINAL""], ""dashboard.layout.replace"": [""OPERATION_ADMITTED"", ""OPERATION_STATE_CHANGED"", ""OPERATION_TERMINAL""], ""dashboard.topology.read"": [""OPERATION_ADMITTED"", ""OPERATION_STATE_CHANGED"", ""OPERATION_TERMINAL""], ""deployment.list"": [""OPERATION_ADMITTED"", ""OPERATION_STATE_CHANGED"", ""OPERATION_TERMINAL""], ""external.authBinding.create"": [""OPERATION_ADMITTED"", ""OPERATION_STATE_CHANGED"", ""OPERATION_TERMINAL""], ""external.authBinding.list"": [""OPERATION_ADMITTED"", ""OPERATION_STATE_CHANGED"", ""OPERATION_TERMINAL""], ""external.authBinding.patch"": [""OPERATION_ADMITTED"", ""OPERATION_STATE_CHANGED"", ""OPERATION_TERMINAL""], ""external.circuit.close"": [""OPERATION_ADMITTED"", ""OPERATION_STATE_CHANGED"", ""OPERATION_TERMINAL""], ""external.circuit.open"": [""OPERATION_ADMITTED"", ""OPERATION_STATE_CHANGED"", ""OPERATION_TERMINAL""], ""external.circuit.reset"": ""Every admission, transition, child reservation, outcome and manual-review decision records logicalOperationId, correlationId, actor/channel and before/after digests."", ""external.request.list"": [""OPERATION_ADMITTED"", ""OPERATION_STATE_CHANGED"", ""OPERATION_TERMINAL""], ""external.target.create"": [""OPERATION_ADMITTED"", ""OPERATION_STATE_CHANGED"", ""OPERATION_TERMINAL""], ""external.target.list"": [""OPERATION_ADMITTED"", ""OPERATION_STATE_CHANGED"", ""OPERATION_TERMINAL""], ""external.target.patch"": [""OPERATION_ADMITTED"", ""OPERATION_STATE_CHANGED"", ""OPERATION_TERMINAL""], ""external.target.read"": [""OPERATION_ADMITTED"", ""OPERATION_STATE_CHANGED"", ""OPERATION_TERMINAL""], ""external.target.test"": [""OPERATION_ADMITTED"", ""OPERATION_STATE_CHANGED"", ""OPERATION_TERMINAL""], ""external.targetBinding.create"": [""OPERATION_ADMITTED"", ""OPERATION_STATE_CHANGED"", ""OPERATION_TERMINAL""], ""external.targetBinding.list"": [""OPERATION_ADMITTED"", ""OPERATION_STATE_CHANGED"", ""OPERATION_TERMINAL""], ""external.targetBinding.remove"": [""OPERATION_ADMITTED"", ""OPERATION_STATE_CHANGED"", ""OPERATION_TERMINAL""], ""external.webhook.list"": [""OPERATION_ADMITTED"", ""OPERATION_STATE_CHANGED"", ""OPERATION_TERMINAL""], ""external.webhook.test"": [""OPERATION_ADMITTED"", ""OPERATION_STATE_CHANGED"", ""OPERATION_TERMINAL""], ""generation.activationSet.read"": [""OPERATION_ADMITTED"", ""OPERATION_STATE_CHANGED"", ""OPERATION_TERMINAL""], ""generation.artifact.list"": [""OPERATION_ADMITTED"", ""OPERATION_STATE_CHANGED"", ""OPERATION_TERMINAL""], ""generation.artifactManifest.list"": [""OPERATION_ADMITTED"", ""OPERATION_STATE_CHANGED"", ""OPERATION_TERMINAL""], ""generation.authority.read"": [""OPERATION_ADMITTED"", ""OPERATION_STATE_CHANGED"", ""OPERATION_TERMINAL""], ""generation.blocker.list"": [""OPERATION_ADMITTED"", ""OPERATION_STATE_CHANGED"", ""OPERATION_TERMINAL""], ""generation.blocker.resolve"": [""OPERATION_ADMITTED"", ""OPERATION_STATE_CHANGED"", ""OPERATION_TERMINAL""], ""generation.capability.resolve"": [""OPERATION_ADMITTED"", ""OPERATION_STATE_CHANGED"", ""OPERATION_TERMINAL""], ""generation.capabilitySnapshot.list"": [""OPERATION_ADMITTED"", ""OPERATION_STATE_CHANGED"", ""OPERATION_TERMINAL""], ""generation.checkpoint.list"": [""OPERATION_ADMITTED"", ""OPERATION_STATE_CHANGED"", ""OPERATION_TERMINAL""], ""generation.contractCandidate.list"": [""OPERATION_ADMITTED"", ""OPERATION_STATE_CHANGED"", ""OPERATION_TERMINAL""], ""generation.fact.list"": [""OPERATION_ADMITTED"", ""OPERATION_STATE_CHANGED"", ""OPERATION_TERMINAL""], ""generation.job.cancel"": [""OPERATION_ADMITTED"", ""OPERATION_STATE_CHANGED"", ""OPERATION_TERMINAL""], ""generation.job.create"": [""OPERATION_ADMITTED"", ""OPERATION_STATE_CHANGED"", ""OPERATION_TERMINAL""], ""generation.job.events.read"": [""OPERATION_ADMITTED"", ""OPERATION_STATE_CHANGED"", ""OPERATION_TERMINAL""], ""generation.job.followUp"": [""OPERATION_ADMITTED"", ""OPERATION_STATE_CHANGED"", ""OPERATION_TERMINAL""], ""generation.job.list"": [""OPERATION_ADMITTED"", ""OPERATION_STATE_CHANGED"", ""OPERATION_TERMINAL""], ""generation.job.read"": [""OPERATION_ADMITTED"", ""OPERATION_STATE_CHANGED"", ""OPERATION_TERMINAL""], ""generation.job.resume"": [""OPERATION_ADMITTED"", ""OPERATION_STATE_CHANGED"", ""OPERATION_TERMINAL""], ""generation.job.retry"": [""OPERATION_ADMITTED"", ""OPERATION_STATE_CHANGED"", ""OPERATION_TERMINAL""], ""generation.job.snapshot.read"": [""OPERATION_ADMITTED"", ""OPERATION_STATE_CHANGED"", ""OPERATION_TERMINAL""], ""generation.message.append"": [""OPERATION_ADMITTED"", ""OPERATION_STATE_CHANGED"", ""OPERATION_TERMINAL""], ""generation.message.list"": [""OPERATION_ADMITTED"", ""OPERATION_STATE_CHANGED"", ""OPERATION_TERMINAL""], ""generation.ownerDecision.list"": [""OPERATION_ADMITTED"", ""OPERATION_STATE_CHANGED"", ""OPERATION_TERMINAL""], ""generation.phase.list"": [""OPERATION_ADMITTED"", ""OPERATION_STATE_CHANGED"", ""OPERATION_TERMINAL""], ""generation.phase.read"": [""OPERATION_ADMITTED"", ""OPERATION_STATE_CHANGED"", ""OPERATION_TERMINAL""], ""generation.plan.list"": [""OPERATION_ADMITTED"", ""OPERATION_STATE_CHANGED"", ""OPERATION_TERMINAL""], ""generation.plan.read"": [""OPERATION_ADMITTED"", ""OPERATION_STATE_CHANGED"", ""OPERATION_TERMINAL""], ""generation.plan.validate"": [""OPERATION_ADMITTED"", ""OPERATION_STATE_CHANGED"", ""OPERATION_TERMINAL""], ""generation.research.bind"": [""OPERATION_ADMITTED"", ""OPERATION_STATE_CHANGED"", ""OPERATION_TERMINAL""], ""generation.research.refresh"": [""OPERATION_ADMITTED"", ""OPERATION_STATE_CHANGED"", ""OPERATION_TERMINAL""], ""generation.source.add"": [""OPERATION_ADMITTED"", ""OPERATION_STATE_CHANGED"", ""OPERATION_TERMINAL""], ""generation.source.list"": [""OPERATION_ADMITTED"", ""OPERATION_STATE_CHANGED"", ""OPERATION_TERMINAL""], ""generation.source.read"": [""OPERATION_ADMITTED"", ""OPERATION_STATE_CHANGED"", ""OPERATION_TERMINAL""], ""generation.spec.approve"": [""OPERATION_ADMITTED"", ""OPERATION_STATE_CHANGED"", ""OPERATION_TERMINAL""], ""generation.spec.current"": [""OPERATION_ADMITTED"", ""OPERATION_STATE_CHANGED"", ""OPERATION_TERMINAL""], ""generation.spec.precheck"": [""OPERATION_ADMITTED"", ""OPERATION_STATE_CHANGED"", ""OPERATION_TERMINAL""], ""generation.spec.revision.list"": [""OPERATION_ADMITTED"", ""OPERATION_STATE_CHANGED"", ""OPERATION_TERMINAL""], ""generation.spec.revision.read"": [""OPERATION_ADMITTED"", ""OPERATION_STATE_CHANGED"", ""OPERATION_TERMINAL""], ""generation.toolEvent.list"": [""OPERATION_ADMITTED"", ""OPERATION_STATE_CHANGED"", ""OPERATION_TERMINAL""], ""generation.turn.interrupt"": [""OPERATION_ADMITTED"", ""OPERATION_STATE_CHANGED"", ""OPERATION_TERMINAL""], ""generation.turn.list"": [""OPERATION_ADMITTED"", ""OPERATION_STATE_CHANGED"", ""OPERATION_TERMINAL""], ""generation.validation.run"": [""OPERATION_ADMITTED"", ""OPERATION_STATE_CHANGED"", ""OPERATION_TERMINAL""], ""generation.validationRun.list"": [""OPERATION_ADMITTED"", ""OPERATION_STATE_CHANGED"", ""OPERATION_TERMINAL""], ""generation.validationRun.read"": [""OPERATION_ADMITTED"", ""OPERATION_STATE_CHANGED"", ""OPERATION_TERMINAL""], ""generation.workspace.file.list"": [""OPERATION_ADMITTED"", ""OPERATION_STATE_CHANGED"", ""OPERATION_TERMINAL""], ""generation.workspace.patch.list"": [""OPERATION_ADMITTED"", ""OPERATION_STATE_CHANGED"", ""OPERATION_TERMINAL""], ""generation.workspace.revision.list"": [""OPERATION_ADMITTED"", ""OPERATION_STATE_CHANGED"", ""OPERATION_TERMINAL""], ""generation.workspace.revision.read"": [""OPERATION_ADMITTED"", ""OPERATION_STATE_CHANGED"", ""OPERATION_TERMINAL""], ""log.correlation.read"": [""OPERATION_ADMITTED"", ""OPERATION_STATE_CHANGED"", ""OPERATION_TERMINAL""], ""log.export"": [""OPERATION_ADMITTED"", ""OPERATION_STATE_CHANGED"", ""OPERATION_TERMINAL""], ""log.query"": [""OPERATION_ADMITTED"", ""OPERATION_STATE_CHANGED"", ""OPERATION_TERMINAL""], ""log.stream"": [""OPERATION_ADMITTED"", ""OPERATION_STATE_CHANGED"", ""OPERATION_TERMINAL""], ""maintenance.service.restart"": [""OPERATION_ADMITTED"", ""OPERATION_STATE_CHANGED"", ""OPERATION_TERMINAL""], ""mcp.alias.create"": [""OPERATION_ADMITTED"", ""OPERATION_STATE_CHANGED"", ""OPERATION_TERMINAL""], ""mcp.alias.list"": [""OPERATION_ADMITTED"", ""OPERATION_STATE_CHANGED"", ""OPERATION_TERMINAL""], ""mcp.alias.preview"": [""OPERATION_ADMITTED"", ""OPERATION_STATE_CHANGED"", ""OPERATION_TERMINAL""], ""mcp.alias.remove"": [""OPERATION_ADMITTED"", ""OPERATION_STATE_CHANGED"", ""OPERATION_TERMINAL""], ""mcp.callRun.events.read"": [""OPERATION_ADMITTED"", ""OPERATION_STATE_CHANGED"", ""OPERATION_TERMINAL""], ""mcp.callRun.list"": [""OPERATION_ADMITTED"", ""OPERATION_STATE_CHANGED"", ""OPERATION_TERMINAL""], ""mcp.callRun.outcome.read"": [""OPERATION_ADMITTED"", ""OPERATION_STATE_CHANGED"", ""OPERATION_TERMINAL""], ""mcp.callRun.read"": [""OPERATION_ADMITTED"", ""OPERATION_STATE_CHANGED"", ""OPERATION_TERMINAL""], ""mcp.catalog.prompt.list"": [""OPERATION_ADMITTED"", ""OPERATION_STATE_CHANGED"", ""OPERATION_TERMINAL""], ""mcp.catalog.prompt.read"": [""OPERATION_ADMITTED"", ""OPERATION_STATE_CHANGED"", ""OPERATION_TERMINAL""], ""mcp.catalog.resource.list"": [""OPERATION_ADMITTED"", ""OPERATION_STATE_CHANGED"", ""OPERATION_TERMINAL""], ""mcp.catalog.resource.read"": [""OPERATION_ADMITTED"", ""OPERATION_STATE_CHANGED"", ""OPERATION_TERMINAL""], ""mcp.catalog.resourceTemplate.list"": [""OPERATION_ADMITTED"", ""OPERATION_STATE_CHANGED"", ""OPERATION_TERMINAL""], ""mcp.catalog.resourceTemplate.read"": [""OPERATION_ADMITTED"", ""OPERATION_STATE_CHANGED"", ""OPERATION_TERMINAL""], ""mcp.catalog.tool.callers.list"": [""OPERATION_ADMITTED"", ""OPERATION_STATE_CHANGED"", ""OPERATION_TERMINAL""], ""mcp.catalog.tool.list"": [""OPERATION_ADMITTED"", ""OPERATION_STATE_CHANGED"", ""OPERATION_TERMINAL""], ""mcp.catalog.tool.read"": [""OPERATION_ADMITTED"", ""OPERATION_STATE_CHANGED"", ""OPERATION_TERMINAL""], ""mcp.catalog.tool.register"": [""OPERATION_ADMITTED"", ""OPERATION_STATE_CHANGED"", ""OPERATION_TERMINAL""], ""mcp.catalog.tool.revision.list"": [""OPERATION_ADMITTED"", ""OPERATION_STATE_CHANGED"", ""OPERATION_TERMINAL""], ""mcp.catalog.tool.usage.read"": [""OPERATION_ADMITTED"", ""OPERATION_STATE_CHANGED"", ""OPERATION_TERMINAL""], ""mcp.contract.compatibility"": [""OPERATION_ADMITTED"", ""OPERATION_STATE_CHANGED"", ""OPERATION_TERMINAL""], ""mcp.contract.validate"": [""OPERATION_ADMITTED"", ""OPERATION_STATE_CHANGED"", ""OPERATION_TERMINAL""], ""mcp.discovery.snapshot"": [""OPERATION_ADMITTED"", ""OPERATION_STATE_CHANGED"", ""OPERATION_TERMINAL""], ""mcp.discovery.snapshot.diff"": [""OPERATION_ADMITTED"", ""OPERATION_STATE_CHANGED"", ""OPERATION_TERMINAL""], ""mcp.discovery.snapshot.list"": [""OPERATION_ADMITTED"", ""OPERATION_STATE_CHANGED"", ""OPERATION_TERMINAL""], ""mcp.discovery.snapshot.read"": [""OPERATION_ADMITTED"", ""OPERATION_STATE_CHANGED"", ""OPERATION_TERMINAL""], ""mcp.era.probe"": [""OPERATION_ADMITTED"", ""OPERATION_STATE_CHANGED"", ""OPERATION_TERMINAL""], ""mcp.input.respond"": [""OPERATION_ADMITTED"", ""OPERATION_STATE_CHANGED"", ""OPERATION_TERMINAL""], ""mcp.inputExchange.list"": [""OPERATION_ADMITTED"", ""OPERATION_STATE_CHANGED"", ""OPERATION_TERMINAL""], ""mcp.inputExchange.read"": [""OPERATION_ADMITTED"", ""OPERATION_STATE_CHANGED"", ""OPERATION_TERMINAL""], ""mcp.registrationProbe.list"": [""OPERATION_ADMITTED"", ""OPERATION_STATE_CHANGED"", ""OPERATION_TERMINAL""], ""mcp.requestEvent.list"": [""OPERATION_ADMITTED"", ""OPERATION_STATE_CHANGED"", ""OPERATION_TERMINAL""], ""mcp.requestEvent.raw.read"": [""OPERATION_ADMITTED"", ""OPERATION_STATE_CHANGED"", ""OPERATION_TERMINAL""], ""mcp.requestEvent.read"": [""OPERATION_ADMITTED"", ""OPERATION_STATE_CHANGED"", ""OPERATION_TERMINAL""], ""mcp.stateHandle.close"": [""OPERATION_ADMITTED"", ""OPERATION_STATE_CHANGED"", ""OPERATION_TERMINAL""], ""mcp.stateHandle.list"": [""OPERATION_ADMITTED"", ""OPERATION_STATE_CHANGED"", ""OPERATION_TERMINAL""], ""mcp.stateHandle.read"": [""OPERATION_ADMITTED"", ""OPERATION_STATE_CHANGED"", ""OPERATION_TERMINAL""], ""mcp.subscription.cancel"": [""OPERATION_ADMITTED"", ""OPERATION_STATE_CHANGED"", ""OPERATION_TERMINAL""], ""mcp.subscription.list"": [""OPERATION_ADMITTED"", ""OPERATION_STATE_CHANGED"", ""OPERATION_TERMINAL""], ""mcp.subscription.notifications.read"": [""OPERATION_ADMITTED"", ""OPERATION_STATE_CHANGED"", ""OPERATION_TERMINAL""], ""mcp.subscription.read"": [""OPERATION_ADMITTED"", ""OPERATION_STATE_CHANGED"", ""OPERATION_TERMINAL""], ""mcp.task.events.read"": [""OPERATION_ADMITTED"", ""OPERATION_STATE_CHANGED"", ""OPERATION_TERMINAL""], ""mcp.task.list"": [""OPERATION_ADMITTED"", ""OPERATION_STATE_CHANGED"", ""OPERATION_TERMINAL""], ""mcp.tools.cancel"": [""OPERATION_ADMITTED"", ""OPERATION_STATE_CHANGED"", ""OPERATION_TERMINAL""], ""mcp.tools.reconcile"": [""OPERATION_ADMITTED"", ""OPERATION_STATE_CHANGED"", ""OPERATION_TERMINAL""], ""mcp.wire.verify"": [""OPERATION_ADMITTED"", ""OPERATION_STATE_CHANGED"", ""OPERATION_TERMINAL""], ""monitor.alert.acknowledge"": [""OPERATION_ADMITTED"", ""OPERATION_STATE_CHANGED"", ""OPERATION_TERMINAL""], ""monitor.alert.close"": [""OPERATION_ADMITTED"", ""OPERATION_STATE_CHANGED"", ""OPERATION_TERMINAL""], ""monitor.alert.delivery.list"": [""OPERATION_ADMITTED"", ""OPERATION_STATE_CHANGED"", ""OPERATION_TERMINAL""], ""monitor.alert.list"": [""OPERATION_ADMITTED"", ""OPERATION_STATE_CHANGED"", ""OPERATION_TERMINAL""], ""monitor.alert.read"": [""OPERATION_ADMITTED"", ""OPERATION_STATE_CHANGED"", ""OPERATION_TERMINAL""], ""monitor.alert.suppress"": [""OPERATION_ADMITTED"", ""OPERATION_STATE_CHANGED"", ""OPERATION_TERMINAL""], ""monitor.channel.test"": [""OPERATION_ADMITTED"", ""OPERATION_STATE_CHANGED"", ""OPERATION_TERMINAL""], ""monitor.overview.read"": [""OPERATION_ADMITTED"", ""OPERATION_STATE_CHANGED"", ""OPERATION_TERMINAL""], ""monitor.probe.list"": [""OPERATION_ADMITTED"", ""OPERATION_STATE_CHANGED"", ""OPERATION_TERMINAL""], ""monitor.probe.request"": [""OPERATION_ADMITTED"", ""OPERATION_STATE_CHANGED"", ""OPERATION_TERMINAL""], ""monitor.profile.list"": [""OPERATION_ADMITTED"", ""OPERATION_STATE_CHANGED"", ""OPERATION_TERMINAL""], ""monitor.profile.replace"": [""OPERATION_ADMITTED"", ""OPERATION_STATE_CHANGED"", ""OPERATION_TERMINAL""], ""monitor.stateHistory.read"": [""OPERATION_ADMITTED"", ""OPERATION_STATE_CHANGED"", ""OPERATION_TERMINAL""], ""openai.modelCall.checkpoint.list"": [""OPERATION_ADMITTED"", ""OPERATION_STATE_CHANGED"", ""OPERATION_TERMINAL""], ""openai.modelCall.continuation.list"": [""OPERATION_ADMITTED"", ""OPERATION_STATE_CHANGED"", ""OPERATION_TERMINAL""], ""openai.modelCall.events.read"": [""OPERATION_ADMITTED"", ""OPERATION_STATE_CHANGED"", ""OPERATION_TERMINAL""], ""openai.modelCall.list"": [""OPERATION_ADMITTED"", ""OPERATION_STATE_CHANGED"", ""OPERATION_TERMINAL""], ""openai.modelCall.outputItem.list"": [""OPERATION_ADMITTED"", ""OPERATION_STATE_CHANGED"", ""OPERATION_TERMINAL""], ""openai.modelCall.read"": [""OPERATION_ADMITTED"", ""OPERATION_STATE_CHANGED"", ""OPERATION_TERMINAL""], ""openai.modelCall.reconcile"": [""OPERATION_ADMITTED"", ""OPERATION_STATE_CHANGED"", ""OPERATION_TERMINAL""], ""openai.modelCall.requestCancel"": [""OPERATION_ADMITTED"", ""OPERATION_STATE_CHANGED"", ""OPERATION_TERMINAL""], ""openai.modelCall.requestDescriptor.read"": [""OPERATION_ADMITTED"", ""OPERATION_STATE_CHANGED"", ""OPERATION_TERMINAL""], ""openai.modelCall.resumeStream"": [""OPERATION_ADMITTED"", ""OPERATION_STATE_CHANGED"", ""OPERATION_TERMINAL""], ""openai.modelCall.retrieve"": [""OPERATION_ADMITTED"", ""OPERATION_STATE_CHANGED"", ""OPERATION_TERMINAL""], ""openai.modelCall.toolDispatch.list"": [""OPERATION_ADMITTED"", ""OPERATION_STATE_CHANGED"", ""OPERATION_TERMINAL""], ""openai.modelCapability.list"": [""OPERATION_ADMITTED"", ""OPERATION_STATE_CHANGED"", ""OPERATION_TERMINAL""], ""openai.modelCapability.read"": [""OPERATION_ADMITTED"", ""OPERATION_STATE_CHANGED"", ""OPERATION_TERMINAL""], ""openai.modelCapability.refresh"": [""OPERATION_ADMITTED"", ""OPERATION_STATE_CHANGED"", ""OPERATION_TERMINAL""], ""operation.catalog.list"": [""OPERATION_ADMITTED"", ""OPERATION_STATE_CHANGED"", ""OPERATION_TERMINAL""], ""operation.invoke"": [""OPERATION_ADMITTED"", ""OPERATION_STATE_CHANGED"", ""OPERATION_TERMINAL""], ""owner.auth.logout"": [""OPERATION_ADMITTED"", ""OPERATION_STATE_CHANGED"", ""OPERATION_TERMINAL""], ""owner.mfa.enroll"": [""OPERATION_ADMITTED"", ""OPERATION_STATE_CHANGED"", ""OPERATION_TERMINAL""], ""owner.mfa.reset"": ""Every admission, transition, child reservation, outcome and manual-review decision records logicalOperationId, correlationId, actor/channel and before/after digests."", ""owner.mfa.verify"": [""OPERATION_ADMITTED"", ""OPERATION_STATE_CHANGED"", ""OPERATION_TERMINAL""], ""owner.recoveryCodes.rotate"": [""OPERATION_ADMITTED"", ""OPERATION_STATE_CHANGED"", ""OPERATION_TERMINAL""], ""owner.security.read"": [""OPERATION_ADMITTED"", ""OPERATION_STATE_CHANGED"", ""OPERATION_TERMINAL""], ""owner.session.current"": [""OPERATION_ADMITTED"", ""OPERATION_STATE_CHANGED"", ""OPERATION_TERMINAL""], ""owner.session.list"": [""OPERATION_ADMITTED"", ""OPERATION_STATE_CHANGED"", ""OPERATION_TERMINAL""], ""owner.session.reauthenticate"": [""OPERATION_ADMITTED"", ""OPERATION_STATE_CHANGED"", ""OPERATION_TERMINAL""], ""owner.session.revoke"": [""OPERATION_ADMITTED"", ""OPERATION_STATE_CHANGED"", ""OPERATION_TERMINAL""], ""owner.session.revokeAll"": [""OPERATION_ADMITTED"", ""OPERATION_STATE_CHANGED"", ""OPERATION_TERMINAL""], ""owner.session.revokeOthers"": [""OPERATION_ADMITTED"", ""OPERATION_STATE_CHANGED"", ""OPERATION_TERMINAL""], ""ownerApiKey.read"": [""OPERATION_ADMITTED"", ""OPERATION_STATE_CHANGED"", ""OPERATION_TERMINAL""], ""ownerApiKey.reveal"": [""OPERATION_ADMITTED"", ""OPERATION_STATE_CHANGED"", ""OPERATION_TERMINAL""], ""ownerApiKey.rotate"": [""OPERATION_ADMITTED"", ""OPERATION_STATE_CHANGED"", ""OPERATION_TERMINAL""], ""ownerApiKey.session.exchange"": [""OPERATION_ADMITTED"", ""OPERATION_STATE_CHANGED"", ""OPERATION_TERMINAL""], ""ownerApiKey.usage.read"": [""OPERATION_ADMITTED"", ""OPERATION_STATE_CHANGED"", ""OPERATION_TERMINAL""], ""provenance.content.graph"": [""OPERATION_ADMITTED"", ""OPERATION_STATE_CHANGED"", ""OPERATION_TERMINAL""], ""provenance.content.read"": [""OPERATION_ADMITTED"", ""OPERATION_STATE_CHANGED"", ""OPERATION_TERMINAL""], ""provenance.valueDerivation.list"": [""OPERATION_ADMITTED"", ""OPERATION_STATE_CHANGED"", ""OPERATION_TERMINAL""], ""release.activate"": ""Every admission, transition, child reservation, outcome and manual-review decision records logicalOperationId, correlationId, actor/channel and before/after digests."", ""release.list"": [""OPERATION_ADMITTED"", ""OPERATION_STATE_CHANGED"", ""OPERATION_TERMINAL""], ""release.read"": [""OPERATION_ADMITTED"", ""OPERATION_STATE_CHANGED"", ""OPERATION_TERMINAL""], ""release.rollback"": [""OPERATION_ADMITTED"", ""OPERATION_STATE_CHANGED"", ""OPERATION_TERMINAL""], ""runtime.boundary.evidence.read"": [""OPERATION_ADMITTED"", ""OPERATION_STATE_CHANGED"", ""OPERATION_TERMINAL""], ""runtime.boundary.verify"": [""OPERATION_ADMITTED"", ""OPERATION_STATE_CHANGED"", ""OPERATION_TERMINAL""], ""runtime.call.list"": [""OPERATION_ADMITTED"", ""OPERATION_STATE_CHANGED"", ""OPERATION_TERMINAL""], ""runtime.cleanup.read"": [""OPERATION_ADMITTED"", ""OPERATION_STATE_CHANGED"", ""OPERATION_TERMINAL""], ""runtime.connection.inspect"": [""OPERATION_ADMITTED"", ""OPERATION_STATE_CHANGED"", ""OPERATION_TERMINAL""], ""runtime.connection.list"": [""OPERATION_ADMITTED"", ""OPERATION_STATE_CHANGED"", ""OPERATION_TERMINAL""], ""runtime.drain"": [""OPERATION_ADMITTED"", ""OPERATION_STATE_CHANGED"", ""OPERATION_TERMINAL""], ""runtime.execution.list"": [""OPERATION_ADMITTED"", ""OPERATION_STATE_CHANGED"", ""OPERATION_TERMINAL""], ""runtime.execution.read"": [""OPERATION_ADMITTED"", ""OPERATION_STATE_CHANGED"", ""OPERATION_TERMINAL""], ""runtime.instance.list"": [""OPERATION_ADMITTED"", ""OPERATION_STATE_CHANGED"", ""OPERATION_TERMINAL""], ""runtime.instance.read"": [""OPERATION_ADMITTED"", ""OPERATION_STATE_CHANGED"", ""OPERATION_TERMINAL""], ""runtime.instance.reconcile"": [""OPERATION_ADMITTED"", ""OPERATION_STATE_CHANGED"", ""OPERATION_TERMINAL""], ""runtime.instance.restart"": [""OPERATION_ADMITTED"", ""OPERATION_STATE_CHANGED"", ""OPERATION_TERMINAL""], ""runtime.process.list"": [""OPERATION_ADMITTED"", ""OPERATION_STATE_CHANGED"", ""OPERATION_TERMINAL""], ""runtime.sandbox.read"": [""OPERATION_ADMITTED"", ""OPERATION_STATE_CHANGED"", ""OPERATION_TERMINAL""], ""runtime.workerHeartbeat.list"": [""OPERATION_ADMITTED"", ""OPERATION_STATE_CHANGED"", ""OPERATION_TERMINAL""], ""secret.bind"": [""OPERATION_ADMITTED"", ""OPERATION_STATE_CHANGED"", ""OPERATION_TERMINAL""], ""secret.binding.bulkApply"": [""OPERATION_ADMITTED"", ""OPERATION_STATE_CHANGED"", ""OPERATION_TERMINAL""], ""secret.binding.bulkPreview"": [""OPERATION_ADMITTED"", ""OPERATION_STATE_CHANGED"", ""OPERATION_TERMINAL""], ""secret.binding.list"": [""OPERATION_ADMITTED"", ""OPERATION_STATE_CHANGED"", ""OPERATION_TERMINAL""], ""secret.create"": [""OPERATION_ADMITTED"", ""OPERATION_STATE_CHANGED"", ""OPERATION_TERMINAL""], ""secret.delete"": [""OPERATION_ADMITTED"", ""OPERATION_STATE_CHANGED"", ""OPERATION_TERMINAL""], ""secret.export"": [""OPERATION_ADMITTED"", ""OPERATION_STATE_CHANGED"", ""OPERATION_TERMINAL""], ""secret.import"": [""OPERATION_ADMITTED"", ""OPERATION_STATE_CHANGED"", ""OPERATION_TERMINAL""], ""secret.list"": [""OPERATION_ADMITTED"", ""OPERATION_STATE_CHANGED"", ""OPERATION_TERMINAL""], ""secret.metadata.patch"": [""OPERATION_ADMITTED"", ""OPERATION_STATE_CHANGED"", ""OPERATION_TERMINAL""], ""secret.metadata.read"": [""OPERATION_ADMITTED"", ""OPERATION_STATE_CHANGED"", ""OPERATION_TERMINAL""], ""secret.password.generate"": [""OPERATION_ADMITTED"", ""OPERATION_STATE_CHANGED"", ""OPERATION_TERMINAL""], ""secret.resolve.test"": [""OPERATION_ADMITTED"", ""OPERATION_STATE_CHANGED"", ""OPERATION_TERMINAL""], ""secret.rotate"": [""OPERATION_ADMITTED"", ""OPERATION_STATE_CHANGED"", ""OPERATION_TERMINAL""], ""secret.unbind"": [""OPERATION_ADMITTED"", ""OPERATION_STATE_CHANGED"", ""OPERATION_TERMINAL""], ""secret.usage.read"": [""OPERATION_ADMITTED"", ""OPERATION_STATE_CHANGED"", ""OPERATION_TERMINAL""], ""secret.useContext.list"": [""OPERATION_ADMITTED"", ""OPERATION_STATE_CHANGED"", ""OPERATION_TERMINAL""], ""secret.value.read"": [""OPERATION_ADMITTED"", ""OPERATION_STATE_CHANGED"", ""OPERATION_TERMINAL""], ""secret.version.activate"": [""OPERATION_ADMITTED"", ""OPERATION_STATE_CHANGED"", ""OPERATION_TERMINAL""], ""secret.version.create"": [""OPERATION_ADMITTED"", ""OPERATION_STATE_CHANGED"", ""OPERATION_TERMINAL""], ""secret.version.list"": [""OPERATION_ADMITTED"", ""OPERATION_STATE_CHANGED"", ""OPERATION_TERMINAL""], ""selfTest.catalog.list"": [""OPERATION_ADMITTED"", ""OPERATION_STATE_CHANGED"", ""OPERATION_TERMINAL""], ""selfTest.evidence.export"": ""Every admission, transition, child reservation, outcome and manual-review decision records logicalOperationId, correlationId, actor/channel and before/after digests."", ""selfTest.evidence.read"": [""OPERATION_ADMITTED"", ""OPERATION_STATE_CHANGED"", ""OPERATION_TERMINAL""], ""selfTest.faultCatalog.list"": [""OPERATION_ADMITTED"", ""OPERATION_STATE_CHANGED"", ""OPERATION_TERMINAL""], ""selfTest.model.list"": [""OPERATION_ADMITTED"", ""OPERATION_STATE_CHANGED"", ""OPERATION_TERMINAL""], ""selfTest.registeredElement.run"": [""OPERATION_ADMITTED"", ""OPERATION_STATE_CHANGED"", ""OPERATION_TERMINAL""], ""selfTest.run.cancel"": [""OPERATION_ADMITTED"", ""OPERATION_STATE_CHANGED"", ""OPERATION_TERMINAL""], ""selfTest.run.cleanup"": [""OPERATION_ADMITTED"", ""OPERATION_STATE_CHANGED"", ""OPERATION_TERMINAL""], ""selfTest.run.events.read"": [""OPERATION_ADMITTED"", ""OPERATION_STATE_CHANGED"", ""OPERATION_TERMINAL""], ""selfTest.run.history.read"": [""OPERATION_ADMITTED"", ""OPERATION_STATE_CHANGED"", ""OPERATION_TERMINAL""], ""selfTest.run.list"": [""OPERATION_ADMITTED"", ""OPERATION_STATE_CHANGED"", ""OPERATION_TERMINAL""], ""selfTest.run.replay"": [""OPERATION_ADMITTED"", ""OPERATION_STATE_CHANGED"", ""OPERATION_TERMINAL""], ""selfTest.run.shrink"": [""OPERATION_ADMITTED"", ""OPERATION_STATE_CHANGED"", ""OPERATION_TERMINAL""], ""selfTest.run.start"": [""OPERATION_ADMITTED"", ""OPERATION_STATE_CHANGED"", ""OPERATION_TERMINAL""], ""selfTest.run.status"": [""OPERATION_ADMITTED"", ""OPERATION_STATE_CHANGED"", ""OPERATION_TERMINAL""], ""system.capability.list"": [""OPERATION_ADMITTED"", ""OPERATION_STATE_CHANGED"", ""OPERATION_TERMINAL""], ""system.closure.read"": [""OPERATION_ADMITTED"", ""OPERATION_STATE_CHANGED"", ""OPERATION_TERMINAL""], ""system.health.read"": [""OPERATION_ADMITTED"", ""OPERATION_STATE_CHANGED"", ""OPERATION_TERMINAL""], ""system.readiness.read"": [""OPERATION_ADMITTED"", ""OPERATION_STATE_CHANGED"", ""OPERATION_TERMINAL""], ""system.recovery.read"": [""OPERATION_ADMITTED"", ""OPERATION_STATE_CHANGED"", ""OPERATION_TERMINAL""], ""system.version.read"": [""OPERATION_ADMITTED"", ""OPERATION_STATE_CHANGED"", ""OPERATION_TERMINAL""]}",ui/contracts/ui-control-registry.json#/pages/19/actions/0
ui.palette.close,Zavřít,,OWNER_FULL,dashboard.drawer.command-palette,NOT_IN_DASHBOARD_REFERENCE,Dashboard > Actions > command-palette > palette.close,CLIENT_INTERACTION,[],{},ui/contracts/ui-control-registry.json#/pages/19/actions/1
